dim1,dim2,perc_zeros,nnz,CSR_time,sable_time
1,1,0,1,20.0,20.0
1,1,20,0,20.0,20.0
1,1,40,0,20.0,20.0
1,1,50,0,20.0,20.0
1,1,75,0,20.0,20.0
1,1,80,0,20.0,20.0
1,1,85,0,20.0,20.0
1,1,90,0,20.0,20.0
1,1,95,0,20.0,20.0
1,1,99,0,20.0,20.0
1,2,0,2,20.0,20.0
1,2,20,1,20.0,20.0
1,2,40,1,20.0,20.0
1,2,50,1,20.0,20.0
1,2,75,0,20.0,20.0
1,2,80,0,20.0,20.0
1,2,85,0,20.0,20.0
1,2,90,0,20.0,20.0
1,2,95,0,20.0,20.0
1,2,99,0,20.0,20.0
1,4,0,4,20.0,20.0
1,4,20,3,20.0,20.0
1,4,40,2,20.0,20.0
1,4,50,2,20.0,20.0
1,4,75,1,20.0,20.0
1,4,80,0,20.0,20.0
1,4,85,0,20.0,20.0
1,4,90,0,20.0,20.0
1,4,95,0,20.0,20.0
1,4,99,0,20.0,20.0
1,5,0,5,20.0,20.0
1,5,20,4,20.0,20.0
1,5,40,3,20.0,20.0
1,5,50,2,20.0,20.0
1,5,75,1,20.0,20.0
1,5,80,1,20.0,20.0
1,5,85,0,20.0,20.0
1,5,90,0,20.0,20.0
1,5,95,0,20.0,20.0
1,5,99,0,20.0,20.0
1,8,0,8,20.0,20.0
1,8,20,6,20.0,20.0
1,8,40,4,20.0,20.0
1,8,50,4,20.0,20.0
1,8,75,2,20.0,20.0
1,8,80,1,20.0,20.0
1,8,85,1,20.0,20.0
1,8,90,0,20.0,20.0
1,8,95,0,20.0,20.0
1,8,99,0,20.0,20.0
1,10,0,10,30.0,20.0
1,10,20,8,20.0,20.0
1,10,40,6,20.0,20.0
1,10,50,5,20.0,20.0
1,10,75,2,20.0,20.0
1,10,80,2,20.0,20.0
1,10,85,1,20.0,20.0
1,10,90,1,20.0,20.0
1,10,95,0,20.0,20.0
1,10,99,0,20.0,20.0
1,16,0,16,30.0,20.0
1,16,20,12,30.0,20.0
1,16,40,9,20.0,20.0
1,16,50,8,20.0,20.0
1,16,75,4,20.0,20.0
1,16,80,3,20.0,20.0
1,16,85,2,20.0,20.0
1,16,90,1,20.0,20.0
1,16,95,0,20.0,20.0
1,16,99,0,20.0,20.0
1,20,0,20,30.0,20.0
1,20,20,16,30.0,20.0
1,20,40,12,30.0,20.0
1,20,50,10,30.0,20.0
1,20,75,5,20.0,20.0
1,20,80,4,20.0,20.0
1,20,85,3,20.0,20.0
1,20,90,2,20.0,20.0
1,20,95,1,20.0,20.0
1,20,99,0,20.0,20.0
1,25,0,25,30.0,20.0
1,25,20,20,30.0,30.0
1,25,40,15,30.0,20.0
1,25,50,12,30.0,20.0
1,25,75,6,20.0,30.0
1,25,80,5,20.0,20.0
1,25,85,3,20.0,30.0
1,25,90,2,20.0,20.0
1,25,95,1,20.0,20.0
1,25,99,0,20.0,20.0
1,40,0,40,40.0,30.0
1,40,20,32,30.0,30.0
1,40,40,24,30.0,30.0
1,40,50,20,30.0,30.0
1,40,75,10,30.0,30.0
1,40,80,8,20.0,30.0
1,40,85,6,20.0,30.0
1,40,90,4,20.0,30.0
1,40,95,2,20.0,30.0
1,40,99,0,20.0,30.0
1,50,0,50,40.0,30.0
1,50,20,40,40.0,30.0
1,50,40,30,40.0,30.0
1,50,50,25,35.5,40.0
1,50,75,12,30.0,30.0
1,50,80,10,30.0,30.0
1,50,85,7,20.0,40.0
1,50,90,5,20.0,35.5
1,50,95,2,20.0,40.0
1,50,99,0,20.0,30.0
1,80,0,80,50.0,40.0
1,80,20,64,50.0,40.0
1,80,40,48,40.0,40.0
1,80,50,40,40.0,40.0
1,80,75,20,30.0,40.0
1,80,80,16,30.0,40.0
1,80,85,12,30.0,40.0
1,80,90,8,20.0,40.0
1,80,95,4,20.0,40.0
1,80,99,0,20.0,40.0
1,100,0,100,60.0,50.0
1,100,20,80,50.0,50.0
1,100,40,60,50.0,50.0
1,100,50,50,40.0,50.0
1,100,75,25,30.0,50.0
1,100,80,20,30.0,50.0
1,100,85,15,30.0,50.0
1,100,90,10,30.0,50.0
1,100,95,5,20.0,50.0
1,100,99,1,20.0,50.0
1,125,0,125,70.0,60.0
1,125,20,100,60.0,60.0
1,125,40,75,50.0,60.0
1,125,50,62,50.0,60.0
1,125,75,31,40.0,60.0
1,125,80,25,30.0,60.0
1,125,85,18,30.0,60.0
1,125,90,12,30.0,60.0
1,125,95,6,20.0,60.0
1,125,99,1,20.0,60.0
1,200,0,200,90.0,70.0
1,200,20,160,80.0,70.0
1,200,40,120,60.0,70.0
1,200,50,100,60.0,70.0
1,200,75,50,40.0,70.0
1,200,80,40,40.0,70.0
1,200,85,30,40.0,70.0
1,200,90,20,30.0,70.0
1,200,95,10,30.0,70.0
1,200,99,2,20.0,70.0
1,250,0,250,110.0,70.0
1,250,20,200,90.0,80.0
1,250,40,150,80.0,70.0
1,250,50,125,70.0,70.0
1,250,75,62,50.0,80.0
1,250,80,50,40.0,60.0
1,250,85,37,40.0,70.0
1,250,90,25,35.5,60.0
1,250,95,12,30.0,60.0
1,250,99,2,20.0,80.0
1,400,0,400,151.0,80.5
1,400,20,320,130.0,80.0
1,400,40,240,100.0,81.0
1,400,50,200,90.0,80.0
1,400,75,100,60.0,90.0
1,400,80,80,50.0,85.5
1,400,85,60,50.0,80.0
1,400,90,40,40.0,90.0
1,400,95,20,30.0,81.0
1,400,99,4,20.0,80.0
2,1,0,2,20.0,20.0
2,1,20,1,20.0,20.0
2,1,40,1,20.0,20.0
2,1,50,1,20.0,20.0
2,1,75,0,20.0,20.0
2,1,80,0,20.0,20.0
2,1,85,0,20.0,20.0
2,1,90,0,20.0,20.0
2,1,95,0,20.0,20.0
2,1,99,0,20.0,20.0
2,2,0,4,20.0,20.0
2,2,20,3,20.0,20.0
2,2,40,2,20.0,20.0
2,2,50,2,20.0,20.0
2,2,75,1,20.0,20.0
2,2,80,0,20.0,20.0
2,2,85,0,20.0,20.0
2,2,90,0,20.0,20.0
2,2,95,0,20.0,20.0
2,2,99,0,20.0,20.0
2,4,0,8,20.0,20.0
2,4,20,6,20.0,20.0
2,4,40,4,20.0,20.0
2,4,50,4,20.0,20.0
2,4,75,2,20.0,20.0
2,4,80,1,20.0,20.0
2,4,85,1,20.0,20.0
2,4,90,0,20.0,20.0
2,4,95,0,20.0,20.0
2,4,99,0,20.0,20.0
2,5,0,10,20.0,20.0
2,5,20,8,20.0,20.0
2,5,40,6,20.0,20.0
2,5,50,5,20.0,20.0
2,5,75,2,20.0,20.0
2,5,80,2,20.0,20.0
2,5,85,1,20.0,20.0
2,5,90,1,20.0,20.0
2,5,95,0,20.0,20.0
2,5,99,0,20.0,20.0
2,8,0,16,30.0,20.0
2,8,20,12,30.0,20.0
2,8,40,9,20.0,20.0
2,8,50,8,30.0,20.0
2,8,75,4,20.0,20.0
2,8,80,3,20.0,20.0
2,8,85,2,20.0,20.0
2,8,90,1,20.0,20.0
2,8,95,0,20.0,20.0
2,8,99,0,20.0,20.0
2,10,0,20,30.0,20.0
2,10,20,16,30.0,20.0
2,10,40,12,30.0,20.0
2,10,50,10,20.0,20.0
2,10,75,5,20.0,20.0
2,10,80,4,20.0,20.0
2,10,85,3,20.0,20.0
2,10,90,2,20.0,20.0
2,10,95,1,20.0,20.0
2,10,99,0,20.0,20.0
2,16,0,32,40.0,20.0
2,16,20,25,40.0,20.0
2,16,40,19,30.0,20.0
2,16,50,16,30.0,20.0
2,16,75,8,20.0,20.0
2,16,80,6,20.0,20.0
2,16,85,4,20.0,20.0
2,16,90,3,20.0,20.0
2,16,95,1,20.0,20.0
2,16,99,0,20.0,20.0
2,20,0,40,45.5,20.0
2,20,20,32,40.0,20.0
2,20,40,24,35.0,20.0
2,20,50,20,30.0,20.0
2,20,75,10,30.0,20.0
2,20,80,8,20.0,20.0
2,20,85,6,20.0,20.0
2,20,90,4,20.0,20.0
2,20,95,2,20.0,20.0
2,20,99,0,20.0,20.0
2,25,0,50,40.0,30.0
2,25,20,40,40.0,30.0
2,25,40,30,40.0,30.0
2,25,50,25,40.0,30.0
2,25,75,12,30.0,30.0
2,25,80,10,30.0,30.0
2,25,85,7,20.0,30.0
2,25,90,5,20.0,30.0
2,25,95,2,20.0,30.0
2,25,99,0,20.0,30.0
2,40,0,80,55.5,40.0
2,40,20,64,50.0,30.0
2,40,40,48,50.0,35.0
2,40,50,40,50.0,30.5
2,40,75,20,40.0,40.0
2,40,80,16,30.0,30.0
2,40,85,12,30.0,40.0
2,40,90,8,30.0,35.5
2,40,95,4,20.0,30.0
2,40,99,0,20.0,30.0
2,50,0,100,60.0,40.0
2,50,20,80,60.0,40.0
2,50,40,60,50.0,35.5
2,50,50,50,50.0,40.0
2,50,75,25,40.0,40.0
2,50,80,20,30.0,40.0
2,50,85,15,30.0,40.0
2,50,90,10,25.0,40.0
2,50,95,5,20.0,40.0
2,50,99,1,20.0,40.0
2,80,0,160,80.0,50.0
2,80,20,128,70.0,50.0
2,80,40,96,60.0,50.0
2,80,50,80,60.0,50.0
2,80,75,40,50.0,50.0
2,80,80,32,40.0,50.0
2,80,85,24,40.0,50.0
2,80,90,16,30.0,50.0
2,80,95,8,25.5,50.0
2,80,99,1,20.0,50.0
2,100,0,200,90.0,51.0
2,100,20,160,80.0,50.0
2,100,40,120,70.0,50.0
2,100,50,100,60.5,50.0
2,100,75,50,40.0,55.5
2,100,80,40,40.0,60.0
2,100,85,30,40.0,60.0
2,100,90,20,30.0,50.0
2,100,95,10,30.0,50.0
2,100,99,2,20.0,60.0
2,125,0,250,110.0,60.0
2,125,20,200,100.0,60.0
2,125,40,150,80.0,60.0
2,125,50,125,70.0,60.0
2,125,75,62,50.0,60.0
2,125,80,50,50.0,60.0
2,125,85,37,40.0,60.0
2,125,90,25,40.0,70.0
2,125,95,12,30.0,70.0
2,125,99,2,20.0,60.0
2,200,0,400,150.0,70.0
2,200,20,320,121.0,70.0
2,200,40,240,110.0,70.0
2,200,50,200,90.0,70.0
2,200,75,100,70.0,70.0
2,200,80,80,50.0,70.0
2,200,85,60,50.0,70.0
2,200,90,40,40.0,70.0
2,200,95,20,30.0,70.0
2,200,99,4,20.0,70.0
2,250,0,500,180.0,70.0
2,250,20,400,160.0,80.0
2,250,40,300,130.0,70.0
2,250,50,250,110.0,80.0
2,250,75,125,70.0,80.0
2,250,80,100,60.0,80.0
2,250,85,75,50.5,80.0
2,250,90,50,50.0,80.0
2,250,95,25,30.5,70.0
2,250,99,5,20.0,70.0
2,400,0,800,270.0,101.0
2,400,20,640,230.0,110.0
2,400,40,480,171.0,100.0
2,400,50,400,155.5,101.0
2,400,75,200,100.0,105.5
2,400,80,160,80.0,100.0
2,400,85,120,70.0,110.0
2,400,90,80,60.0,110.0
2,400,95,40,40.0,101.0
2,400,99,8,25.0,100.0
4,1,0,4,20.0,20.0
4,1,20,3,20.0,20.0
4,1,40,2,20.0,20.0
4,1,50,2,20.0,20.0
4,1,75,1,20.0,20.0
4,1,80,0,20.0,20.0
4,1,85,0,20.0,20.0
4,1,90,0,20.0,20.0
4,1,95,0,20.0,20.0
4,1,99,0,20.0,20.0
4,2,0,8,20.0,20.0
4,2,20,6,20.0,20.0
4,2,40,4,20.0,20.0
4,2,50,4,20.0,20.0
4,2,75,2,20.0,20.0
4,2,80,1,20.0,20.0
4,2,85,1,20.0,20.0
4,2,90,0,20.0,20.0
4,2,95,0,20.0,20.0
4,2,99,0,20.0,20.0
4,4,0,16,30.0,20.0
4,4,20,12,30.0,20.0
4,4,40,9,20.0,20.0
4,4,50,8,20.0,20.0
4,4,75,4,20.0,20.0
4,4,80,3,20.0,20.0
4,4,85,2,20.0,20.0
4,4,90,1,20.0,20.0
4,4,95,0,20.0,20.0
4,4,99,0,20.0,20.0
4,5,0,20,30.0,20.0
4,5,20,16,30.0,20.0
4,5,40,12,30.0,20.0
4,5,50,10,20.0,20.0
4,5,75,5,20.0,20.0
4,5,80,4,20.0,20.0
4,5,85,3,20.0,20.0
4,5,90,2,20.0,20.0
4,5,95,1,20.0,20.0
4,5,99,0,20.0,20.0
4,8,0,32,40.0,20.0
4,8,20,25,30.0,20.0
4,8,40,19,30.0,20.0
4,8,50,16,30.0,20.0
4,8,75,8,20.0,20.0
4,8,80,6,20.0,20.0
4,8,85,4,20.0,20.0
4,8,90,3,20.0,20.0
4,8,95,1,20.0,20.0
4,8,99,0,20.0,20.0
4,10,0,40,40.0,20.0
4,10,20,32,40.0,20.0
4,10,40,24,30.0,20.0
4,10,50,20,30.0,20.0
4,10,75,10,20.0,20.0
4,10,80,8,20.5,20.0
4,10,85,6,20.0,20.0
4,10,90,4,20.0,20.0
4,10,95,2,20.0,20.0
4,10,99,0,20.0,20.0
4,16,0,64,60.0,40.0
4,16,20,51,50.0,40.0
4,16,40,38,40.0,40.0
4,16,50,32,40.0,40.0
4,16,75,16,30.0,40.0
4,16,80,12,30.0,40.0
4,16,85,9,21.0,40.0
4,16,90,6,20.0,40.0
4,16,95,3,20.0,40.0
4,16,99,0,20.0,40.0
4,20,0,80,60.0,40.0
4,20,20,64,50.0,40.0
4,20,40,48,50.0,40.0
4,20,50,40,40.0,40.0
4,20,75,20,30.0,40.0
4,20,80,16,30.0,40.0
4,20,85,12,30.0,40.0
4,20,90,8,20.0,40.0
4,20,95,4,20.0,40.0
4,20,99,0,20.0,40.0
4,25,0,100,70.0,30.0
4,25,20,80,60.0,30.0
4,25,40,60,50.0,30.0
4,25,50,50,50.0,30.0
4,25,75,25,30.0,30.0
4,25,80,20,30.0,30.0
4,25,85,15,30.0,30.0
4,25,90,10,20.0,30.0
4,25,95,5,20.0,30.0
4,25,99,1,20.0,30.0
4,40,0,160,80.0,50.0
4,40,20,128,80.0,50.0
4,40,40,96,70.0,50.0
4,40,50,80,60.0,50.0
4,40,75,40,40.5,50.0
4,40,80,32,40.0,50.0
4,40,85,24,30.0,50.0
4,40,90,16,30.0,50.0
4,40,95,8,20.0,50.0
4,40,99,1,20.0,50.0
4,50,0,200,100.0,60.0
4,50,20,160,100.0,60.0
4,50,40,120,70.0,60.0
4,50,50,100,70.0,60.0
4,50,75,50,50.0,60.0
4,50,80,40,40.0,60.0
4,50,85,30,40.0,60.0
4,50,90,20,30.0,60.0
4,50,95,10,30.0,60.0
4,50,99,2,20.0,60.0
4,80,0,320,130.0,80.0
4,80,20,256,120.0,80.0
4,80,40,192,100.0,80.0
4,80,50,160,90.0,80.0
4,80,75,80,60.0,80.0
4,80,80,64,55.5,80.0
4,80,85,48,40.5,80.0
4,80,90,32,40.0,80.0
4,80,95,16,30.0,80.0
4,80,99,3,20.0,80.0
4,100,0,400,160.0,80.0
4,100,20,320,135.5,80.0
4,100,40,240,110.0,80.0
4,100,50,200,100.0,80.0
4,100,75,100,70.0,80.0
4,100,80,80,70.0,80.0
4,100,85,60,50.0,80.0
4,100,90,40,45.5,80.0
4,100,95,20,30.0,90.0
4,100,99,4,20.0,80.0
4,125,0,500,200.0,90.0
4,125,20,400,160.0,80.0
4,125,40,300,130.0,85.5
4,125,50,250,120.0,80.0
4,125,75,125,70.0,80.0
4,125,80,100,70.0,80.0
4,125,85,75,60.0,80.0
4,125,90,50,50.0,80.0
4,125,95,25,30.0,80.0
4,125,99,5,20.0,80.0
4,200,0,800,270.0,140.0
4,200,20,640,231.0,140.0
4,200,40,480,190.0,120.0
4,200,50,400,151.0,115.5
4,200,75,200,100.0,140.0
4,200,80,160,90.0,140.0
4,200,85,120,70.5,140.0
4,200,90,80,60.0,140.0
4,200,95,40,40.0,140.0
4,200,99,8,25.5,140.0
4,250,0,1000,341.0,160.0
4,250,20,800,280.0,160.0
4,250,40,600,220.5,165.5
4,250,50,500,191.0,160.5
4,250,75,250,115.5,161.0
4,250,80,200,100.0,160.0
4,250,85,150,90.0,160.5
4,250,90,100,70.0,160.0
4,250,95,50,50.0,160.0
4,250,99,10,30.0,161.0
4,400,0,1600,510.5,250.0
4,400,20,1280,421.0,250.0
4,400,40,960,330.0,250.0
4,400,50,800,271.0,250.0
4,400,75,400,160.0,250.0
4,400,80,320,130.0,250.0
4,400,85,240,120.0,250.0
4,400,90,160,90.0,250.0
4,400,95,80,60.0,210.0
4,400,99,16,30.0,250.0
5,1,0,5,25.5,20.0
5,1,20,4,20.0,20.0
5,1,40,3,20.0,20.0
5,1,50,2,20.0,20.0
5,1,75,1,20.0,20.0
5,1,80,1,20.0,20.0
5,1,85,0,20.0,20.0
5,1,90,0,20.0,20.0
5,1,95,0,20.0,20.0
5,1,99,0,20.0,20.0
5,2,0,10,20.0,20.0
5,2,20,8,30.0,20.0
5,2,40,6,20.0,20.0
5,2,50,5,20.0,20.0
5,2,75,2,20.0,20.0
5,2,80,2,20.0,20.0
5,2,85,1,20.0,20.0
5,2,90,1,20.0,20.0
5,2,95,0,20.0,20.0
5,2,99,0,20.0,20.0
5,4,0,20,30.0,20.0
5,4,20,16,30.0,20.0
5,4,40,12,30.0,20.0
5,4,50,10,30.0,20.0
5,4,75,5,20.0,20.0
5,4,80,4,20.0,20.0
5,4,85,3,20.0,20.0
5,4,90,2,20.0,20.0
5,4,95,1,20.0,20.0
5,4,99,0,20.0,20.0
5,5,0,25,30.0,20.0
5,5,20,20,30.0,20.0
5,5,40,15,30.0,20.0
5,5,50,12,30.0,20.0
5,5,75,6,20.0,20.0
5,5,80,5,20.0,21.0
5,5,85,3,20.0,20.0
5,5,90,2,20.0,20.0
5,5,95,1,20.0,20.0
5,5,99,0,20.0,20.0
5,8,0,40,40.0,20.0
5,8,20,32,30.0,20.0
5,8,40,24,30.0,20.0
5,8,50,20,30.0,20.0
5,8,75,10,20.0,20.0
5,8,80,8,20.0,20.0
5,8,85,6,20.0,20.0
5,8,90,4,20.0,20.0
5,8,95,2,20.0,20.0
5,8,99,0,20.0,20.0
5,10,0,50,45.5,25.0
5,10,20,40,40.0,30.0
5,10,40,30,30.0,20.0
5,10,50,25,30.0,20.0
5,10,75,12,30.0,20.0
5,10,80,10,30.0,20.0
5,10,85,7,30.0,30.0
5,10,90,5,20.0,30.0
5,10,95,2,20.0,20.0
5,10,99,0,20.0,20.0
5,16,0,80,60.0,30.0
5,16,20,64,50.0,30.0
5,16,40,48,40.0,30.0
5,16,50,40,40.0,30.0
5,16,75,20,30.0,30.0
5,16,80,16,30.0,30.0
5,16,85,12,30.0,30.0
5,16,90,8,30.0,30.0
5,16,95,4,20.0,30.0
5,16,99,0,20.0,30.0
5,20,0,100,70.0,30.0
5,20,20,80,60.0,30.0
5,20,40,60,50.0,30.0
5,20,50,50,50.0,30.0
5,20,75,25,30.0,35.0
5,20,80,20,30.0,40.0
5,20,85,15,30.0,40.0
5,20,90,10,30.0,40.0
5,20,95,5,20.0,30.0
5,20,99,1,20.0,30.0
5,25,0,125,80.0,40.0
5,25,20,100,70.0,40.0
5,25,40,75,60.0,30.0
5,25,50,62,50.0,40.0
5,25,75,31,40.0,40.0
5,25,80,25,30.0,40.0
5,25,85,18,30.0,40.0
5,25,90,12,30.0,40.0
5,25,95,6,20.0,40.0
5,25,99,1,20.0,40.0
5,40,0,200,100.0,50.0
5,40,20,160,90.0,50.0
5,40,40,120,80.0,50.0
5,40,50,100,70.0,50.0
5,40,75,50,50.0,50.0
5,40,80,40,40.0,50.0
5,40,85,30,40.0,50.0
5,40,90,20,30.0,50.0
5,40,95,10,30.0,50.0
5,40,99,2,20.0,50.0
5,50,0,250,120.0,50.0
5,50,20,200,101.0,50.0
5,50,40,150,90.0,50.0
5,50,50,125,80.0,50.0
5,50,75,62,50.0,50.0
5,50,80,50,50.0,50.0
5,50,85,37,40.0,50.0
5,50,90,25,30.0,50.0
5,50,95,12,30.0,50.0
5,50,99,2,20.0,50.0
5,80,0,400,150.0,70.0
5,80,20,320,140.0,70.0
5,80,40,240,120.0,70.0
5,80,50,200,110.0,70.0
5,80,75,100,70.0,71.0
5,80,80,80,60.0,70.0
5,80,85,60,50.0,70.0
5,80,90,40,40.0,70.0
5,80,95,20,30.0,70.0
5,80,99,4,20.0,70.0
5,100,0,500,191.0,80.0
5,100,20,400,170.0,80.0
5,100,40,300,140.0,81.0
5,100,50,250,120.0,80.0
5,100,75,125,80.0,80.0
5,100,80,100,75.5,100.0
5,100,85,75,60.0,80.0
5,100,90,50,50.0,80.0
5,100,95,25,30.0,80.0
5,100,99,5,20.0,90.0
5,125,0,625,240.0,120.0
5,125,20,500,191.0,110.0
5,125,40,375,151.0,110.0
5,125,50,312,140.5,110.0
5,125,75,156,90.0,110.0
5,125,80,125,80.0,111.0
5,125,85,93,70.0,110.5
5,125,90,62,50.0,110.0
5,125,95,31,40.0,110.0
5,125,99,6,20.0,110.0
5,200,0,1000,331.0,150.0
5,200,20,800,290.0,150.0
5,200,40,600,221.0,141.0
5,200,50,500,190.0,140.5
5,200,75,250,120.0,140.5
5,200,80,200,100.0,145.5
5,200,85,150,90.0,150.0
5,200,90,100,70.0,140.0
5,200,95,50,50.0,140.0
5,200,99,10,30.0,141.0
5,250,0,1250,411.0,180.0
5,250,20,1000,341.0,175.5
5,250,40,750,270.0,180.0
5,250,50,625,230.0,180.0
5,250,75,312,140.0,171.0
5,250,80,250,120.0,180.0
5,250,85,187,100.0,180.0
5,250,90,125,80.0,171.0
5,250,95,62,50.0,180.0
5,250,99,12,30.0,181.0
5,400,0,2000,621.0,250.0
5,400,20,1600,531.0,261.0
5,400,40,1200,401.0,261.0
5,400,50,1000,341.0,270.0
5,400,75,500,190.5,270.0
5,400,80,400,170.0,261.0
5,400,85,300,140.0,270.0
5,400,90,200,105.5,260.5
5,400,95,100,70.0,261.0
5,400,99,20,40.0,261.0
8,1,0,8,30.0,20.0
8,1,20,6,30.0,20.0
8,1,40,4,20.5,20.0
8,1,50,4,21.0,20.0
8,1,75,2,20.0,20.0
8,1,80,1,20.0,20.0
8,1,85,1,20.0,20.0
8,1,90,0,20.0,20.0
8,1,95,0,20.0,20.0
8,1,99,0,20.0,20.0
8,2,0,16,30.0,20.0
8,2,20,12,30.0,20.0
8,2,40,9,30.0,20.0
8,2,50,8,30.0,20.0
8,2,75,4,20.0,20.0
8,2,80,3,20.0,20.0
8,2,85,2,20.0,20.0
8,2,90,1,20.0,20.0
8,2,95,0,20.0,20.0
8,2,99,0,20.0,20.0
8,4,0,32,30.5,20.0
8,4,20,25,30.0,20.0
8,4,40,19,30.0,20.0
8,4,50,16,30.0,20.0
8,4,75,8,30.0,20.0
8,4,80,6,20.0,20.0
8,4,85,4,30.0,20.0
8,4,90,3,20.5,20.0
8,4,95,1,20.0,20.0
8,4,99,0,20.0,20.0
8,5,0,40,40.0,20.0
8,5,20,32,40.0,20.0
8,5,40,24,30.0,20.0
8,5,50,20,30.0,20.0
8,5,75,10,30.0,20.0
8,5,80,8,30.0,20.0
8,5,85,6,20.0,20.0
8,5,90,4,20.0,20.0
8,5,95,2,20.0,20.0
8,5,99,0,20.0,20.0
8,8,0,64,60.0,30.0
8,8,20,51,40.0,30.0
8,8,40,38,40.0,30.0
8,8,50,32,40.0,30.0
8,8,75,16,30.0,30.0
8,8,80,12,30.0,30.0
8,8,85,9,30.0,30.0
8,8,90,6,30.0,30.0
8,8,95,3,20.0,20.0
8,8,99,0,20.0,30.0
8,10,0,80,60.0,30.0
8,10,20,64,50.0,31.0
8,10,40,48,45.5,30.0
8,10,50,40,40.0,30.0
8,10,75,20,30.0,30.0
8,10,80,16,30.0,30.0
8,10,85,12,30.0,31.0
8,10,90,8,20.0,30.0
8,10,95,4,30.0,30.0
8,10,99,0,20.0,30.0
8,16,0,128,90.0,50.0
8,16,20,102,70.0,50.0
8,16,40,76,60.0,50.0
8,16,50,64,60.0,50.0
8,16,75,32,31.0,50.0
8,16,80,25,40.0,50.0
8,16,85,19,30.0,50.0
8,16,90,12,30.0,50.0
8,16,95,6,30.0,50.0
8,16,99,1,20.0,50.0
8,20,0,160,100.0,60.0
8,20,20,128,90.0,60.0
8,20,40,96,70.0,60.0
8,20,50,80,60.0,60.0
8,20,75,40,40.0,60.0
8,20,80,32,40.0,60.0
8,20,85,24,30.0,50.0
8,20,90,16,30.0,60.0
8,20,95,8,30.0,50.5
8,20,99,1,20.0,60.0
8,25,0,200,110.0,50.0
8,25,20,160,100.0,50.0
8,25,40,120,80.0,50.0
8,25,50,100,70.0,50.0
8,25,75,50,50.0,50.0
8,25,80,40,40.0,50.0
8,25,85,30,40.0,50.0
8,25,90,20,30.0,50.0
8,25,95,10,30.0,50.0
8,25,99,2,20.0,50.0
8,40,0,320,150.0,80.0
8,40,20,256,140.0,80.0
8,40,40,192,110.5,80.0
8,40,50,160,100.0,80.5
8,40,75,80,60.0,80.0
8,40,80,64,60.0,80.0
8,40,85,48,45.5,80.0
8,40,90,32,35.5,85.5
8,40,95,16,30.0,80.0
8,40,99,3,20.0,80.0
8,50,0,400,180.0,100.0
8,50,20,320,160.0,100.0
8,50,40,240,130.0,100.0
8,50,50,200,120.0,100.0
8,50,75,100,71.0,100.0
8,50,80,80,60.0,100.0
8,50,85,60,50.0,100.0
8,50,90,40,40.0,100.0
8,50,95,20,30.0,100.0
8,50,99,4,30.0,100.0
8,80,0,640,240.0,140.0
8,80,20,512,211.0,140.0
8,80,40,384,180.0,140.0
8,80,50,320,150.0,140.0
8,80,75,160,100.0,140.0
8,80,80,128,90.0,140.0
8,80,85,96,70.0,141.0
8,80,90,64,50.0,140.0
8,80,95,32,40.0,140.0
8,80,99,6,20.0,140.0
8,100,0,800,291.0,170.0
8,100,20,640,250.0,170.0
8,100,40,480,210.0,170.0
8,100,50,400,180.0,170.0
8,100,75,200,115.5,170.0
8,100,80,160,100.0,170.0
8,100,85,120,80.0,170.0
8,100,90,80,60.0,170.0
8,100,95,40,40.0,170.0
8,100,99,8,30.0,170.0
8,125,0,1000,370.0,160.0
8,125,20,800,301.0,160.0
8,125,40,600,231.0,161.0
8,125,50,500,211.0,160.0
8,125,75,250,131.0,160.0
8,125,80,200,120.0,160.0
8,125,85,150,90.0,160.0
8,125,90,100,70.0,160.0
8,125,95,50,50.0,160.0
8,125,99,10,30.0,161.0
8,200,0,1600,521.0,301.0
8,200,20,1280,441.0,301.0
8,200,40,960,341.0,301.0
8,200,50,800,291.0,301.0
8,200,75,400,180.0,300.0
8,200,80,320,150.5,301.0
8,200,85,240,130.0,301.0
8,200,90,160,100.0,301.0
8,200,95,80,60.0,300.0
8,200,99,16,30.0,301.0
8,250,0,2000,651.0,370.0
8,250,20,1600,541.0,370.0
8,250,40,1200,421.0,371.0
8,250,50,1000,351.0,370.0
8,250,75,500,210.0,371.0
8,250,80,400,180.0,371.0
8,250,85,300,141.0,371.0
8,250,90,200,120.0,370.0
8,250,95,100,70.0,371.0
8,250,99,20,30.0,370.0
8,400,0,3200,1001.0,571.0
8,400,20,2560,841.0,585.5
8,400,40,1920,641.0,590.0
8,400,50,1600,531.0,591.0
8,400,75,800,290.0,571.0
8,400,80,640,250.0,570.0
8,400,85,480,200.0,561.0
8,400,90,320,160.0,390.0
8,400,95,160,100.0,571.0
8,400,99,32,40.0,561.0
10,1,0,10,30.0,20.0
10,1,20,8,30.0,20.0
10,1,40,6,30.0,20.0
10,1,50,5,30.0,20.0
10,1,75,2,20.0,20.0
10,1,80,2,20.0,20.0
10,1,85,1,20.0,20.0
10,1,90,1,20.0,20.0
10,1,95,0,20.0,20.0
10,1,99,0,20.0,20.0
10,2,0,20,30.0,20.0
10,2,20,16,30.0,20.0
10,2,40,12,30.0,20.0
10,2,50,10,30.0,20.0
10,2,75,5,30.0,20.0
10,2,80,4,30.0,20.0
10,2,85,3,20.0,20.0
10,2,90,2,20.0,20.0
10,2,95,1,20.0,20.0
10,2,99,0,20.0,20.0
10,4,0,40,40.0,20.0
10,4,20,32,40.0,20.0
10,4,40,24,30.0,20.0
10,4,50,20,30.0,20.0
10,4,75,10,30.0,21.0
10,4,80,8,30.0,20.0
10,4,85,6,30.0,20.0
10,4,90,4,30.0,20.0
10,4,95,2,20.0,20.0
10,4,99,0,20.0,20.5
10,5,0,50,40.0,30.0
10,5,20,40,40.0,30.0
10,5,40,30,40.0,30.0
10,5,50,25,40.0,30.0
10,5,75,12,30.0,30.0
10,5,80,10,30.0,30.0
10,5,85,7,30.0,30.0
10,5,90,5,30.0,30.0
10,5,95,2,20.0,30.0
10,5,99,0,20.0,25.0
10,8,0,80,70.0,30.0
10,8,20,64,55.5,30.0
10,8,40,48,40.0,30.0
10,8,50,40,40.0,31.0
10,8,75,20,30.0,30.0
10,8,80,16,30.0,30.0
10,8,85,12,30.0,30.0
10,8,90,8,30.0,30.0
10,8,95,4,30.0,30.0
10,8,99,0,20.0,30.0
10,10,0,100,70.0,30.0
10,10,20,80,60.0,30.0
10,10,40,60,50.0,30.0
10,10,50,50,50.0,30.0
10,10,75,25,30.0,30.0
10,10,80,20,30.0,30.0
10,10,85,15,30.0,30.0
10,10,90,10,30.0,30.0
10,10,95,5,30.0,30.0
10,10,99,1,20.0,35.5
10,16,0,160,110.0,40.0
10,16,20,128,80.0,40.0
10,16,40,96,70.0,40.0
10,16,50,80,60.0,40.0
10,16,75,40,40.0,40.0
10,16,80,32,40.0,40.0
10,16,85,24,30.0,40.0
10,16,90,16,30.0,40.0
10,16,95,8,30.0,40.0
10,16,99,1,20.0,40.0
10,20,0,200,120.0,40.0
10,20,20,160,100.0,40.0
10,20,40,120,80.0,40.0
10,20,50,100,70.0,40.0
10,20,75,50,40.0,40.0
10,20,80,40,45.5,40.0
10,20,85,30,40.0,50.0
10,20,90,20,30.0,40.0
10,20,95,10,30.0,40.0
10,20,99,2,20.0,40.0
10,25,0,250,130.0,50.0
10,25,20,200,120.0,50.0
10,25,40,150,90.0,50.0
10,25,50,125,80.0,50.0
10,25,75,62,50.0,50.0
10,25,80,50,50.0,50.0
10,25,85,37,40.0,50.0
10,25,90,25,30.5,50.0
10,25,95,12,30.0,60.0
10,25,99,2,20.0,50.0
10,40,0,400,180.0,80.0
10,40,20,320,160.0,60.0
10,40,40,240,140.0,70.0
10,40,50,200,120.0,60.0
10,40,75,100,70.0,60.0
10,40,80,80,70.0,60.0
10,40,85,60,50.0,60.0
10,40,90,40,40.0,60.0
10,40,95,20,30.0,60.0
10,40,99,4,20.0,60.0
10,50,0,500,220.0,70.0
10,50,20,400,190.0,70.0
10,50,40,300,150.0,70.0
10,50,50,250,140.0,70.0
10,50,75,125,80.0,80.0
10,50,80,100,70.0,70.0
10,50,85,75,60.0,70.0
10,50,90,50,50.0,70.0
10,50,95,25,40.0,70.0
10,50,99,5,30.0,70.0
10,80,0,800,291.0,100.0
10,80,20,640,260.0,105.5
10,80,40,480,211.0,100.0
10,80,50,400,190.0,100.0
10,80,75,200,120.0,100.0
10,80,80,160,100.0,100.0
10,80,85,120,80.0,101.0
10,80,90,80,60.0,100.0
10,80,95,40,40.0,101.0
10,80,99,8,30.0,100.0
10,100,0,1000,361.0,120.0
10,100,20,800,300.0,121.0
10,100,40,600,260.0,121.0
10,100,50,500,220.0,120.0
10,100,75,250,140.0,120.5
10,100,80,200,120.0,121.0
10,100,85,150,90.0,121.0
10,100,90,100,70.0,120.0
10,100,95,50,50.0,121.0
10,100,99,10,30.0,120.0
10,125,0,1250,451.0,180.0
10,125,20,1000,370.0,180.0
10,125,40,750,290.0,180.0
10,125,50,625,261.0,180.0
10,125,75,312,160.0,180.0
10,125,80,250,140.0,180.0
10,125,85,187,110.0,180.0
10,125,90,125,80.0,180.0
10,125,95,62,50.0,180.0
10,125,99,12,30.0,180.0
10,200,0,2000,661.0,221.0
10,200,20,1600,541.0,221.0
10,200,40,1200,431.0,230.0
10,200,50,1000,361.0,230.0
10,200,75,500,220.0,230.0
10,200,80,400,190.0,221.0
10,200,85,300,160.0,230.0
10,200,90,200,120.0,230.0
10,200,95,100,70.0,221.0
10,200,99,20,30.0,221.0
10,250,0,2500,811.5,280.0
10,250,20,2000,671.0,271.0
10,250,40,1500,521.0,271.0
10,250,50,1250,450.0,280.0
10,250,75,625,260.0,271.0
10,250,80,500,220.0,280.0
10,250,85,375,180.0,280.0
10,250,90,250,140.0,280.0
10,250,95,125,81.0,280.0
10,250,99,25,40.0,280.0
10,400,0,4000,1262.0,441.0
10,400,20,3200,1046.5,430.5
10,400,40,2400,791.0,430.0
10,400,50,2000,671.0,431.0
10,400,75,1000,361.0,445.5
10,400,80,800,310.0,431.0
10,400,85,600,260.0,431.0
10,400,90,400,190.0,430.0
10,400,95,200,120.0,431.0
10,400,99,40,40.0,431.0
16,1,0,16,40.0,20.0
16,1,20,12,40.0,20.0
16,1,40,9,30.0,20.0
16,1,50,8,30.0,20.0
16,1,75,4,30.0,20.0
16,1,80,3,30.0,20.0
16,1,85,2,30.0,20.0
16,1,90,1,30.0,20.0
16,1,95,0,30.0,20.0
16,1,99,0,30.0,20.0
16,2,0,32,40.0,20.0
16,2,20,25,40.0,20.0
16,2,40,19,40.0,20.0
16,2,50,16,40.0,20.0
16,2,75,8,30.0,20.0
16,2,80,6,30.0,20.0
16,2,85,4,30.0,20.0
16,2,90,3,30.0,20.0
16,2,95,1,30.0,20.0
16,2,99,0,30.0,20.0
16,4,0,64,50.0,20.0
16,4,20,51,50.0,20.0
16,4,40,38,40.0,20.0
16,4,50,32,40.0,20.0
16,4,75,16,30.0,20.0
16,4,80,12,40.0,20.0
16,4,85,9,30.0,20.0
16,4,90,6,30.0,20.0
16,4,95,3,30.0,20.0
16,4,99,0,30.0,20.0
16,5,0,80,60.0,20.0
16,5,20,64,50.0,30.0
16,5,40,48,50.0,20.0
16,5,50,40,50.0,20.0
16,5,75,20,40.0,20.0
16,5,80,16,40.0,20.0
16,5,85,12,30.0,20.0
16,5,90,8,30.0,20.0
16,5,95,4,30.0,20.0
16,5,99,0,20.0,20.0
16,8,0,128,90.0,30.0
16,8,20,102,70.0,30.0
16,8,40,76,60.0,30.0
16,8,50,64,50.0,30.0
16,8,75,32,40.0,30.0
16,8,80,25,40.0,30.0
16,8,85,19,40.0,30.0
16,8,90,12,30.0,30.0
16,8,95,6,30.0,30.0
16,8,99,1,30.0,30.0
16,10,0,160,100.0,30.0
16,10,20,128,81.0,30.0
16,10,40,96,70.0,30.0
16,10,50,80,60.0,30.0
16,10,75,40,50.0,30.0
16,10,80,32,40.0,30.0
16,10,85,24,40.0,30.0
16,10,90,16,30.0,30.0
16,10,95,8,30.0,30.0
16,10,99,1,30.0,30.0
16,16,0,256,150.0,40.0
16,16,20,204,120.0,40.0
16,16,40,153,100.0,40.0
16,16,50,128,90.0,40.0
16,16,75,64,50.0,40.0
16,16,80,51,50.0,40.0
16,16,85,38,40.5,40.0
16,16,90,25,40.0,40.0
16,16,95,12,40.0,40.0
16,16,99,2,30.0,40.0
16,20,0,320,171.0,40.0
16,20,20,256,150.0,40.0
16,20,40,192,120.0,40.0
16,20,50,160,100.0,40.0
16,20,75,80,60.0,40.0
16,20,80,64,60.0,40.0
16,20,85,48,50.0,40.0
16,20,90,32,50.0,40.0
16,20,95,16,30.0,40.0
16,20,99,3,30.0,40.0
16,25,0,400,200.5,50.0
16,25,20,320,180.0,50.0
16,25,40,240,140.0,50.0
16,25,50,200,120.0,50.0
16,25,75,100,70.0,50.0
16,25,80,80,60.0,50.0
16,25,85,60,50.0,50.0
16,25,90,40,50.0,50.0
16,25,95,20,40.0,50.0
16,25,99,4,30.0,50.0
16,40,0,640,271.0,60.0
16,40,20,512,240.0,65.5
16,40,40,384,200.0,60.0
16,40,50,320,180.0,70.0
16,40,75,160,100.0,65.5
16,40,80,128,90.0,70.0
16,40,85,96,70.0,70.0
16,40,90,64,55.5,60.0
16,40,95,32,40.0,60.0
16,40,99,6,30.0,70.0
16,50,0,800,330.0,70.0
16,50,20,640,291.0,70.0
16,50,40,480,231.0,70.0
16,50,50,400,210.0,70.0
16,50,75,200,120.0,70.0
16,50,80,160,100.0,80.0
16,50,85,120,80.0,70.0
16,50,90,80,60.0,70.0
16,50,95,40,50.0,70.0
16,50,99,8,30.0,70.0
16,80,0,1280,441.0,110.0
16,80,20,1024,411.0,110.0
16,80,40,768,331.0,110.0
16,80,50,640,290.0,110.0
16,80,75,320,180.0,110.0
16,80,80,256,141.0,110.0
16,80,85,192,110.0,110.0
16,80,90,128,80.0,110.0
16,80,95,64,60.0,110.0
16,80,99,12,30.0,110.0
16,100,0,1600,571.0,130.0
16,100,20,1280,471.0,121.0
16,100,40,960,391.0,121.0
16,100,50,800,335.5,130.0
16,100,75,400,210.0,120.5
16,100,80,320,180.0,130.0
16,100,85,240,140.0,130.0
16,100,90,160,100.0,130.0
16,100,95,80,60.0,121.0
16,100,99,16,30.0,130.0
16,125,0,2000,712.0,150.0
16,125,20,1600,561.0,150.0
16,125,40,1200,441.0,150.0
16,125,50,1000,401.0,150.0
16,125,75,500,240.0,150.0
16,125,80,400,210.0,150.0
16,125,85,300,170.0,160.0
16,125,90,200,120.0,160.0
16,125,95,100,70.0,150.0
16,125,99,20,40.0,150.0
16,200,0,3200,1031.0,230.0
16,200,20,2560,866.5,230.0
16,200,40,1920,681.0,230.0
16,200,50,1600,570.0,230.0
16,200,75,800,340.0,230.0
16,200,80,640,280.0,230.0
16,200,85,480,240.0,230.0
16,200,90,320,171.0,230.0
16,200,95,160,100.0,230.0
16,200,99,32,40.0,230.0
16,250,0,4000,1302.0,280.0
16,250,20,3200,1081.0,280.0
16,250,40,2400,811.0,280.0
16,250,50,2000,701.0,275.5
16,250,75,1000,391.0,280.0
16,250,80,800,341.0,280.0
16,250,85,600,270.0,280.0
16,250,90,400,201.0,280.0
16,250,95,200,120.0,280.0
16,250,99,40,50.0,280.0
16,400,0,6400,1973.0,431.0
16,400,20,5120,1642.0,440.0
16,400,40,3840,1252.0,431.0
16,400,50,3200,1061.0,431.0
16,400,75,1600,570.5,431.0
16,400,80,1280,470.0,431.0
16,400,85,960,390.0,431.0
16,400,90,640,281.0,431.0
16,400,95,320,180.0,431.0
16,400,99,64,50.0,431.0
20,1,0,20,50.0,20.0
20,1,20,16,40.0,20.0
20,1,40,12,40.0,20.0
20,1,50,10,30.0,20.0
20,1,75,5,30.0,20.0
20,1,80,4,30.0,20.0
20,1,85,3,30.0,20.0
20,1,90,2,30.0,20.0
20,1,95,1,30.0,20.0
20,1,99,0,30.0,20.0
20,2,0,40,50.0,20.0
20,2,20,32,50.0,20.0
20,2,40,24,40.0,20.0
20,2,50,20,40.0,20.0
20,2,75,10,35.5,20.0
20,2,80,8,30.0,20.0
20,2,85,6,30.0,20.0
20,2,90,4,30.0,20.0
20,2,95,2,30.0,20.0
20,2,99,0,20.5,20.0
20,4,0,80,60.0,20.0
20,4,20,64,60.0,30.0
20,4,40,48,50.0,20.0
20,4,50,40,50.0,30.0
20,4,75,20,40.0,20.0
20,4,80,16,40.0,20.0
20,4,85,12,40.0,21.0
20,4,90,8,40.0,20.0
20,4,95,4,30.0,30.0
20,4,99,0,30.0,20.0
20,5,0,100,70.0,30.0
20,5,20,80,60.5,20.0
20,5,40,60,50.0,20.0
20,5,50,50,50.0,30.0
20,5,75,25,50.0,20.0
20,5,80,20,40.0,20.0
20,5,85,15,40.0,30.0
20,5,90,10,35.5,20.0
20,5,95,5,30.0,20.0
20,5,99,1,30.0,20.5
20,8,0,160,110.0,30.0
20,8,20,128,80.5,30.0
20,8,40,96,70.0,30.0
20,8,50,80,60.0,30.0
20,8,75,40,50.0,30.0
20,8,80,32,50.0,30.0
20,8,85,24,40.0,30.0
20,8,90,16,40.0,30.0
20,8,95,8,40.0,30.0
20,8,99,1,30.0,30.0
20,10,0,200,120.0,40.0
20,10,20,160,100.0,40.0
20,10,40,120,80.0,40.0
20,10,50,100,70.0,40.0
20,10,75,50,50.0,40.0
20,10,80,40,50.0,40.0
20,10,85,30,50.0,40.0
20,10,90,20,40.0,40.0
20,10,95,10,30.0,40.0
20,10,99,2,30.0,40.0
20,16,0,320,190.0,50.0
20,16,20,256,140.0,50.0
20,16,40,192,120.0,50.0
20,16,50,160,100.0,50.0
20,16,75,80,60.0,50.0
20,16,80,64,50.0,50.0
20,16,85,48,50.0,50.0
20,16,90,32,40.0,50.0
20,16,95,16,40.0,50.0
20,16,99,3,30.0,50.0
20,20,0,400,220.0,55.5
20,20,20,320,180.0,60.0
20,20,40,240,130.0,50.0
20,20,50,200,120.0,60.0
20,20,75,100,70.0,60.0
20,20,80,80,60.0,60.0
20,20,85,60,60.0,60.0
20,20,90,40,50.0,60.0
20,20,95,20,40.0,60.0
20,20,99,4,30.0,60.0
20,25,0,500,240.0,60.0
20,25,20,400,211.0,60.0
20,25,40,300,170.0,60.0
20,25,50,250,140.0,60.0
20,25,75,125,90.0,60.0
20,25,80,100,70.0,60.0
20,25,85,75,60.0,50.0
20,25,90,50,50.0,60.0
20,25,95,25,40.0,60.0
20,25,99,5,30.0,60.0
20,40,0,800,331.0,80.0
20,40,20,640,300.0,80.0
20,40,40,480,250.0,80.0
20,40,50,400,211.0,80.0
20,40,75,200,120.0,80.0
20,40,80,160,100.0,80.0
20,40,85,120,81.0,80.5
20,40,90,80,70.0,80.0
20,40,95,40,50.0,80.0
20,40,99,8,30.0,80.0
20,50,0,1000,411.0,100.0
20,50,20,800,351.0,100.0
20,50,40,600,281.0,100.0
20,50,50,500,251.0,100.0
20,50,75,250,140.0,100.0
20,50,80,200,120.0,100.0
20,50,85,150,100.0,100.0
20,50,90,100,70.0,100.0
20,50,95,50,50.0,100.0
20,50,99,10,30.0,100.0
20,80,0,1600,561.0,140.0
20,80,20,1280,481.0,140.0
20,80,40,960,400.0,140.0
20,80,50,800,351.0,140.0
20,80,75,400,210.0,140.0
20,80,80,320,180.0,140.0
20,80,85,240,140.0,160.0
20,80,90,160,100.0,131.0
20,80,95,80,60.0,140.0
20,80,99,16,40.0,140.0
20,100,0,2000,701.0,170.0
20,100,20,1600,591.0,170.0
20,100,40,1200,471.0,170.0
20,100,50,1000,411.0,170.0
20,100,75,500,260.0,160.0
20,100,80,400,211.0,170.0
20,100,85,300,170.0,165.5
20,100,90,200,120.0,160.0
20,100,95,100,80.0,170.0
20,100,99,20,40.0,161.0
20,125,0,2500,891.0,180.0
20,125,20,2000,711.0,180.0
20,125,40,1500,561.0,190.0
20,125,50,1250,501.0,180.5
20,125,75,625,281.0,180.5
20,125,80,500,260.0,190.0
20,125,85,375,201.0,180.0
20,125,90,250,141.0,180.0
20,125,95,125,80.0,180.5
20,125,99,25,50.0,180.0
20,200,0,4000,1272.0,301.0
20,200,20,3200,1081.0,301.0
20,200,40,2400,851.0,301.0
20,200,50,2000,711.0,301.0
20,200,75,1000,430.0,300.5
20,200,80,800,351.0,301.0
20,200,85,600,281.0,301.0
20,200,90,400,220.0,301.0
20,200,95,200,120.0,300.0
20,200,99,40,50.0,301.0
20,250,0,5000,1612.0,361.0
20,250,20,4000,1312.0,361.0
20,250,40,3000,1021.0,361.0
20,250,50,2500,871.0,361.0
20,250,75,1250,491.0,361.0
20,250,80,1000,415.5,370.0
20,250,85,750,330.0,370.0
20,250,90,500,260.0,361.0
20,250,95,250,140.0,361.0
20,250,99,50,50.0,361.0
20,400,0,8000,2463.0,551.0
20,400,20,6400,2053.0,551.0
20,400,40,4800,1572.0,561.0
20,400,50,4000,1302.0,551.0
20,400,75,2000,721.0,551.0
20,400,80,1600,581.0,551.0
20,400,85,1200,481.0,551.0
20,400,90,800,350.0,551.0
20,400,95,400,210.0,551.0
20,400,99,80,70.0,551.0
25,1,0,25,50.0,20.0
25,1,20,20,40.0,20.0
25,1,40,15,40.0,20.0
25,1,50,12,40.0,20.0
25,1,75,6,30.0,20.0
25,1,80,5,30.0,20.0
25,1,85,3,30.0,20.0
25,1,90,2,30.0,30.0
25,1,95,1,30.0,20.0
25,1,99,0,30.0,20.0
25,2,0,50,60.0,20.0
25,2,20,40,50.0,20.0
25,2,40,30,60.0,20.0
25,2,50,25,50.0,20.0
25,2,75,12,40.0,20.0
25,2,80,10,30.0,20.0
25,2,85,7,30.0,30.0
25,2,90,5,30.0,20.0
25,2,95,2,30.0,20.0
25,2,99,0,30.0,20.0
25,4,0,100,80.0,30.0
25,4,20,80,70.0,30.0
25,4,40,60,60.0,30.0
25,4,50,50,60.0,30.0
25,4,75,25,50.0,30.5
25,4,80,20,50.0,30.0
25,4,85,15,50.0,30.0
25,4,90,10,40.0,30.0
25,4,95,5,40.0,30.5
25,4,99,1,30.0,30.0
25,5,0,125,80.0,30.0
25,5,20,100,70.0,31.0
25,5,40,75,70.0,30.0
25,5,50,62,60.0,30.0
25,5,75,31,50.0,30.0
25,5,80,25,50.0,30.0
25,5,85,18,50.0,30.0
25,5,90,12,50.0,30.0
25,5,95,6,40.0,30.0
25,5,99,1,30.5,40.0
25,8,0,200,131.0,40.0
25,8,20,160,100.0,30.0
25,8,40,120,80.0,35.5
25,8,50,100,70.0,30.0
25,8,75,50,60.0,30.0
25,8,80,40,60.0,40.0
25,8,85,30,50.0,35.0
25,8,90,20,50.0,40.0
25,8,95,10,40.0,30.0
25,8,99,2,40.0,30.0
25,10,0,250,140.0,40.0
25,10,20,200,120.0,40.0
25,10,40,150,100.0,40.0
25,10,50,125,80.0,40.0
25,10,75,62,60.5,40.0
25,10,80,50,60.0,40.0
25,10,85,37,60.0,40.0
25,10,90,25,50.0,40.0
25,10,95,12,40.0,40.0
25,10,99,2,40.0,40.0
25,16,0,400,220.0,60.0
25,16,20,320,171.0,60.0
25,16,40,240,140.0,50.0
25,16,50,200,120.0,60.0
25,16,75,100,80.0,50.0
25,16,80,80,70.0,50.0
25,16,85,60,60.0,70.0
25,16,90,40,60.0,50.0
25,16,95,20,50.0,51.0
25,16,99,4,40.0,50.5
25,20,0,500,260.0,60.0
25,20,20,400,220.0,60.0
25,20,40,300,161.0,60.0
25,20,50,250,150.0,60.0
25,20,75,125,80.0,60.0
25,20,80,100,80.0,70.0
25,20,85,75,60.5,70.0
25,20,90,50,50.0,60.5
25,20,95,25,40.0,60.0
25,20,99,5,30.0,60.0
25,25,0,625,300.0,80.0
25,25,20,500,261.0,80.0
25,25,40,375,200.0,80.0
25,25,50,312,170.5,80.0
25,25,75,156,100.0,80.0
25,25,80,125,90.0,80.0
25,25,85,93,70.0,80.0
25,25,90,62,60.0,80.0
25,25,95,31,50.0,80.0
25,25,99,6,30.0,80.0
25,40,0,1000,421.0,100.0
25,40,20,800,370.0,100.0
25,40,40,600,300.0,100.0
25,40,50,500,261.0,100.0
25,40,75,250,150.0,100.0
25,40,80,200,120.0,100.0
25,40,85,150,100.0,125.5
25,40,90,100,80.0,100.0
25,40,95,50,60.0,100.0
25,40,99,10,40.0,100.0
25,50,0,1250,510.5,120.0
25,50,20,1000,431.0,120.0
25,50,40,750,341.0,120.0
25,50,50,625,311.0,120.0
25,50,75,312,170.0,120.0
25,50,80,250,140.0,120.0
25,50,85,187,110.0,120.0
25,50,90,125,90.0,120.0
25,50,95,62,60.0,111.0
25,50,99,12,40.0,115.5
25,80,0,2000,701.0,170.0
25,80,20,1600,621.0,170.0
25,80,40,1200,501.0,170.0
25,80,50,1000,431.0,170.0
25,80,75,500,260.0,170.0
25,80,80,400,221.0,175.5
25,80,85,300,161.0,170.0
25,80,90,200,120.0,170.0
25,80,95,100,80.0,170.0
25,80,99,20,40.0,170.0
25,100,0,2500,871.0,201.0
25,100,20,2000,741.0,200.0
25,100,40,1500,601.0,201.0
25,100,50,1250,511.0,201.0
25,100,75,625,310.0,200.5
25,100,80,500,260.0,210.0
25,100,85,375,201.0,220.0
25,100,90,250,140.0,200.0
25,100,95,125,90.0,210.0
25,100,99,25,40.0,210.0
25,125,0,3125,1112.0,331.0
25,125,20,2500,872.0,331.0
25,125,40,1875,681.0,330.0
25,125,50,1562,611.0,331.0
25,125,75,781,370.0,331.0
25,125,80,625,310.0,331.0
25,125,85,468,250.0,330.0
25,125,90,312,170.0,330.0
25,125,95,156,100.0,330.0
25,125,99,31,50.0,331.0
25,200,0,5000,1592.0,370.5
25,200,20,4000,1332.0,370.0
25,200,40,3000,1052.0,370.0
25,200,50,2500,891.0,370.0
25,200,75,1250,521.0,370.0
25,200,80,1000,431.0,370.0
25,200,85,750,341.0,370.5
25,200,90,500,260.0,370.5
25,200,95,250,140.0,370.0
25,200,99,50,55.5,371.0
25,250,0,6250,2013.0,445.5
25,250,20,5000,1633.0,441.0
25,250,40,3750,1262.0,470.5
25,250,50,3125,1082.0,450.0
25,250,75,1562,611.0,441.0
25,250,80,1250,511.0,450.0
25,250,85,937,411.0,450.0
25,250,90,625,311.0,450.5
25,250,95,312,180.0,450.0
25,250,99,62,60.0,441.0
25,400,0,10000,3085.0,681.0
25,400,20,8000,2554.0,681.0
25,400,40,6000,1953.0,681.0
25,400,50,5000,1643.0,681.0
25,400,75,2500,881.0,686.0
25,400,80,2000,731.0,681.0
25,400,85,1500,591.0,681.0
25,400,90,1000,431.0,681.0
25,400,95,500,260.0,681.0
25,400,99,100,80.0,681.0
40,1,0,40,70.0,20.0
40,1,20,32,60.0,20.0
40,1,40,24,50.0,20.0
40,1,50,20,50.0,20.0
40,1,75,10,40.0,20.0
40,1,80,8,40.0,20.0
40,1,85,6,40.0,20.0
40,1,90,4,35.0,20.0
40,1,95,2,30.0,20.0
40,1,99,0,30.0,20.0
40,2,0,80,90.0,30.0
40,2,20,64,75.5,20.0
40,2,40,48,70.0,20.0
40,2,50,40,60.0,30.0
40,2,75,20,50.0,30.0
40,2,80,16,50.0,30.0
40,2,85,12,40.0,30.0
40,2,90,8,40.0,30.0
40,2,95,4,40.0,30.0
40,2,99,0,30.0,30.0
40,4,0,160,110.0,30.0
40,4,20,128,100.0,30.0
40,4,40,96,90.0,30.0
40,4,50,80,90.0,30.0
40,4,75,40,70.0,30.0
40,4,80,32,70.0,30.0
40,4,85,24,60.0,30.0
40,4,90,16,50.0,30.0
40,4,95,8,50.0,30.0
40,4,99,1,40.0,30.0
40,5,0,200,120.0,30.0
40,5,20,160,100.0,30.0
40,5,40,120,100.0,30.0
40,5,50,100,90.0,31.0
40,5,75,50,70.0,30.0
40,5,80,40,70.0,30.0
40,5,85,30,70.0,30.0
40,5,90,20,60.0,30.0
40,5,95,10,50.0,30.0
40,5,99,2,40.0,30.0
40,8,0,320,201.0,40.0
40,8,20,256,150.0,40.0
40,8,40,192,120.0,40.0
40,8,50,160,105.5,40.0
40,8,75,80,90.0,40.0
40,8,80,64,80.0,40.0
40,8,85,48,70.0,40.0
40,8,90,32,70.0,40.0
40,8,95,16,60.0,40.0
40,8,99,3,40.0,40.0
40,10,0,400,210.0,50.0
40,10,20,320,180.0,50.0
40,10,40,240,140.0,50.0
40,10,50,200,120.0,40.0
40,10,75,100,90.0,50.0
40,10,80,80,90.0,50.0
40,10,85,60,75.5,50.0
40,10,90,40,70.5,50.0
40,10,95,20,60.0,50.0
40,10,99,4,40.0,50.0
40,16,0,640,331.0,60.0
40,16,20,512,251.0,60.0
40,16,40,384,210.0,60.0
40,16,50,320,180.0,60.0
40,16,75,160,100.5,60.0
40,16,80,128,100.0,60.0
40,16,85,96,90.0,60.0
40,16,90,64,100.0,70.0
40,16,95,32,70.0,60.0
40,16,99,6,50.0,60.0
40,20,0,800,401.0,70.0
40,20,20,640,331.0,70.0
40,20,40,480,250.0,70.0
40,20,50,400,210.0,70.0
40,20,75,200,120.5,70.0
40,20,80,160,110.0,70.0
40,20,85,120,90.0,70.0
40,20,90,80,90.0,70.0
40,20,95,40,70.0,70.0
40,20,99,8,50.0,70.0
40,25,0,1000,461.0,81.0
40,25,20,800,410.0,80.0
40,25,40,600,310.0,80.0
40,25,50,500,260.0,80.0
40,25,75,250,150.0,81.0
40,25,80,200,120.0,80.0
40,25,85,150,100.0,80.0
40,25,90,100,90.0,80.0
40,25,95,50,80.0,80.0
40,25,99,10,50.0,90.0
40,40,0,1600,661.0,120.0
40,40,20,1280,571.0,120.0
40,40,40,960,461.0,120.0
40,40,50,800,410.0,125.5
40,40,75,400,210.0,120.0
40,40,80,320,170.0,120.0
40,40,85,240,141.0,120.0
40,40,90,160,110.0,120.0
40,40,95,80,90.0,120.0
40,40,99,16,60.0,130.0
40,50,0,2000,801.0,150.0
40,50,20,1600,691.0,145.5
40,50,40,1200,551.0,150.0
40,50,50,1000,481.0,150.0
40,50,75,500,260.0,150.0
40,50,80,400,210.0,140.5
40,50,85,300,170.0,150.0
40,50,90,200,120.5,150.0
40,50,95,100,90.0,150.0
40,50,99,20,50.0,140.0
40,80,0,3200,1182.0,221.0
40,80,20,2560,991.0,220.0
40,80,40,1920,791.0,220.0
40,80,50,1600,691.0,220.0
40,80,75,800,401.0,220.0
40,80,80,640,330.0,220.0
40,80,85,480,250.0,220.0
40,80,90,320,180.0,220.0
40,80,95,160,110.0,220.0
40,80,99,32,70.0,220.0
40,100,0,4000,1482.0,270.0
40,100,20,3200,1231.0,270.0
40,100,40,2400,952.0,270.0
40,100,50,2000,821.0,270.0
40,100,75,1000,481.0,270.0
40,100,80,800,401.0,271.0
40,100,85,600,310.0,270.0
40,100,90,400,211.0,270.0
40,100,95,200,130.0,270.0
40,100,99,40,70.5,270.0
40,125,0,5000,1822.0,330.0
40,125,20,4000,1492.0,331.0
40,125,40,3000,1142.0,331.0
40,125,50,2500,972.0,321.0
40,125,75,1250,570.5,330.0
40,125,80,1000,471.0,331.0
40,125,85,750,371.0,330.5
40,125,90,500,260.5,330.0
40,125,95,250,140.0,330.0
40,125,99,50,90.0,330.0
40,200,0,8000,2694.0,521.0
40,200,20,6400,2233.0,521.0
40,200,40,4800,1743.0,521.0
40,200,50,4000,1462.0,521.0
40,200,75,2000,822.0,521.0
40,200,80,1600,691.0,521.0
40,200,85,1200,551.0,521.0
40,200,90,800,410.5,521.0
40,200,95,400,211.0,521.0
40,200,99,80,90.0,521.0
40,250,0,10000,3345.0,641.0
40,250,20,8000,2734.0,641.0
40,250,40,6000,2103.0,641.0
40,250,50,5000,1793.0,641.0
40,250,75,2500,971.0,641.0
40,250,80,2000,841.0,641.0
40,250,85,1500,651.0,641.0
40,250,90,1000,471.0,641.0
40,250,95,500,260.0,641.0
40,250,99,100,90.0,641.0
40,400,0,16000,5233.0,1011.0
40,400,20,12800,4256.0,1011.0
40,400,40,9600,3275.0,1012.0
40,400,50,8000,2754.0,1011.5
40,400,75,4000,1472.0,1011.0
40,400,80,3200,1222.0,1012.0
40,400,85,2400,951.0,1012.0
40,400,90,1600,691.0,1011.5
40,400,95,800,401.0,1012.0
40,400,99,160,110.0,1011.0
50,1,0,50,80.0,20.0
50,1,20,40,70.0,20.0
50,1,40,30,60.0,30.0
50,1,50,25,60.0,20.0
50,1,75,12,50.0,20.0
50,1,80,10,50.0,20.0
50,1,85,7,40.0,20.0
50,1,90,5,40.0,20.0
50,1,95,2,40.0,20.0
50,1,99,0,35.0,20.0
50,2,0,100,110.0,30.0
50,2,20,80,90.0,30.0
50,2,40,60,81.0,30.0
50,2,50,50,80.0,30.0
50,2,75,25,60.0,30.0
50,2,80,20,60.0,30.0
50,2,85,15,50.0,30.0
50,2,90,10,40.5,30.0
50,2,95,5,40.0,30.0
50,2,99,1,40.0,30.0
50,4,0,200,130.0,30.0
50,4,20,160,120.0,40.0
50,4,40,120,110.0,40.0
50,4,50,100,101.0,40.0
50,4,75,50,81.0,40.0
50,4,80,40,80.0,30.0
50,4,85,30,80.0,30.0
50,4,90,20,60.0,40.0
50,4,95,10,60.0,30.0
50,4,99,2,50.0,40.0
50,5,0,250,150.0,40.0
50,5,20,200,130.0,40.0
50,5,40,150,120.0,40.0
50,5,50,125,110.0,60.0
50,5,75,62,90.0,40.0
50,5,80,50,90.0,40.0
50,5,85,37,80.0,40.0
50,5,90,25,70.0,40.0
50,5,95,12,60.0,40.0
50,5,99,2,50.0,40.0
50,8,0,400,250.0,50.0
50,8,20,320,190.0,50.0
50,8,40,240,140.0,50.0
50,8,50,200,130.0,50.0
50,8,75,100,110.0,50.0
50,8,80,80,100.0,50.0
50,8,85,60,90.0,50.0
50,8,90,40,80.0,50.0
50,8,95,20,70.0,50.0
50,8,99,4,50.0,50.0
50,10,0,500,260.0,60.0
50,10,20,400,220.0,60.0
50,10,40,300,175.5,60.0
50,10,50,250,150.0,60.0
50,10,75,125,111.0,60.0
50,10,80,100,110.0,60.0
50,10,85,75,100.0,71.0
50,10,90,50,80.0,60.0
50,10,95,25,70.0,60.0
50,10,99,5,50.0,60.0
50,16,0,800,401.0,80.5
50,16,20,640,321.0,90.0
50,16,40,480,250.0,90.0
50,16,50,400,220.0,80.0
50,16,75,200,130.0,80.0
50,16,80,160,120.0,80.0
50,16,85,120,110.0,80.0
50,16,90,80,110.0,80.0
50,16,95,40,90.0,80.0
50,16,99,8,70.0,81.0
50,20,0,1000,491.0,100.0
50,20,20,800,401.0,110.0
50,20,40,600,310.0,100.0
50,20,50,500,260.0,100.0
50,20,75,250,150.0,100.0
50,20,80,200,130.0,100.0
50,20,85,150,120.0,91.0
50,20,90,100,110.0,100.0
50,20,95,50,90.0,100.0
50,20,99,10,60.0,100.0
50,25,0,1250,571.0,110.0
50,25,20,1000,501.0,110.0
50,25,40,750,381.0,110.0
50,25,50,625,320.0,120.0
50,25,75,312,180.0,110.0
50,25,80,250,150.0,110.0
50,25,85,187,130.0,110.0
50,25,90,125,110.0,110.0
50,25,95,62,90.0,110.0
50,25,99,12,60.0,110.0
50,40,0,2000,821.0,160.5
50,40,20,1600,711.0,160.0
50,40,40,1200,571.0,170.0
50,40,50,1000,501.0,160.0
50,40,75,500,270.0,170.0
50,40,80,400,221.0,170.0
50,40,85,300,175.5,160.0
50,40,90,200,130.0,161.0
50,40,95,100,110.0,160.0
50,40,99,20,70.0,160.0
50,50,0,2500,992.0,200.0
50,50,20,2000,852.0,191.0
50,50,40,1500,671.0,191.0
50,50,50,1250,591.0,200.0
50,50,75,625,321.0,200.0
50,50,80,500,261.0,200.0
50,50,85,375,200.0,195.5
50,50,90,250,150.0,200.0
50,50,95,125,110.0,191.0
50,50,99,25,70.0,200.0
50,80,0,4000,1453.0,290.0
50,80,20,3200,1222.0,290.0
50,80,40,2400,992.0,291.0
50,80,50,2000,861.0,291.0
50,80,75,1000,501.0,291.0
50,80,80,800,401.0,291.0
50,80,85,600,310.0,291.0
50,80,90,400,220.0,290.5
50,80,95,200,130.0,290.0
50,80,99,40,80.0,290.0
50,100,0,5000,1843.0,351.0
50,100,20,4000,1502.0,351.0
50,100,40,3000,1192.0,351.0
50,100,50,2500,1022.0,351.0
50,100,75,1250,591.0,350.0
50,100,80,1000,491.0,350.5
50,100,85,750,380.0,351.0
50,100,90,500,260.0,351.0
50,100,95,250,150.0,350.5
50,100,99,50,90.0,361.0
50,125,0,6250,2263.0,440.0
50,125,20,5000,1863.0,821.0
50,125,40,3750,1402.0,440.0
50,125,50,3125,1232.0,431.0
50,125,75,1562,701.0,431.0
50,125,80,1250,591.0,816.5
50,125,85,937,470.5,441.0
50,125,90,625,321.0,440.0
50,125,95,312,171.0,821.5
50,125,99,62,110.0,431.0
50,200,0,10000,3365.0,661.0
50,200,20,8000,2794.0,651.0
50,200,40,6000,2153.0,661.0
50,200,50,5000,1853.0,661.0
50,200,75,2500,1016.5,661.0
50,200,80,2000,851.5,651.0
50,200,85,1500,671.0,671.0
50,200,90,1000,491.0,656.0
50,200,95,500,260.0,661.0
50,200,99,100,100.0,661.0
50,250,0,12500,4167.0,811.0
50,250,20,10000,3415.0,811.0
50,250,40,7500,2634.0,811.0
50,250,50,6250,2213.0,811.0
50,250,75,3125,1222.0,811.0
50,250,80,2500,1012.0,811.0
50,250,85,1875,811.0,811.0
50,250,90,1250,581.0,811.0
50,250,95,625,321.0,811.0
50,250,99,125,110.0,812.0
50,400,0,20000,6490.0,1282.0
50,400,20,16000,5338.0,1272.0
50,400,40,12000,4066.0,1277.0
50,400,50,10000,3405.0,1282.0
50,400,75,5000,1853.0,1282.0
50,400,80,4000,1513.0,1272.0
50,400,85,3000,1192.0,1272.0
50,400,90,2000,861.0,1272.0
50,400,95,1000,491.0,1272.0
50,400,99,200,130.0,1282.0
80,1,0,80,160.0,30.0
80,1,20,64,150.0,30.0
80,1,40,48,130.0,30.0
80,1,50,40,120.0,30.0
80,1,75,20,80.0,30.0
80,1,80,16,80.0,30.0
80,1,85,12,70.0,30.0
80,1,90,8,60.0,30.0
80,1,95,4,60.0,30.0
80,1,99,0,50.0,30.0
80,2,0,160,161.0,30.0
80,2,20,128,160.0,30.0
80,2,40,96,150.0,30.0
80,2,50,80,140.0,30.0
80,2,75,40,110.0,30.0
80,2,80,32,100.0,30.0
80,2,85,24,90.0,40.0
80,2,90,16,90.0,30.0
80,2,95,8,80.0,30.0
80,2,99,1,70.0,30.0
80,4,0,320,190.0,40.0
80,4,20,256,190.0,40.0
80,4,40,192,180.0,40.0
80,4,50,160,170.0,40.0
80,4,75,80,140.0,40.0
80,4,80,64,130.0,40.0
80,4,85,48,130.0,40.0
80,4,90,32,120.0,40.0
80,4,95,16,100.0,40.0
80,4,99,3,90.0,40.0
80,5,0,400,230.0,50.0
80,5,20,320,200.0,40.0
80,5,40,240,180.0,50.0
80,5,50,200,180.0,50.0
80,5,75,100,150.0,50.0
80,5,80,80,140.0,50.0
80,5,85,60,130.0,40.0
80,5,90,40,120.0,50.0
80,5,95,20,110.0,50.0
80,5,99,4,90.0,50.0
80,8,0,640,391.0,60.0
80,8,20,512,280.0,60.0
80,8,40,384,211.0,60.0
80,8,50,320,191.0,60.0
80,8,75,160,161.0,60.0
80,8,80,128,160.0,60.0
80,8,85,96,150.0,60.0
80,8,90,64,130.0,60.0
80,8,95,32,120.0,60.0
80,8,99,6,90.0,60.0
80,10,0,800,400.0,70.0
80,10,20,640,351.0,80.0
80,10,40,480,270.0,71.0
80,10,50,400,230.0,70.0
80,10,75,200,170.0,70.0
80,10,80,160,170.0,70.0
80,10,85,120,160.0,70.0
80,10,90,80,140.0,80.0
80,10,95,40,120.0,70.0
80,10,99,8,100.0,70.0
80,16,0,1280,621.0,100.0
80,16,20,1024,491.0,100.0
80,16,40,768,391.0,100.0
80,16,50,640,340.0,100.0
80,16,75,320,191.0,100.0
80,16,80,256,170.0,100.0
80,16,85,192,160.0,100.0
80,16,90,128,120.0,100.0
80,16,95,64,110.0,110.0
80,16,99,12,60.0,100.0
80,20,0,1600,781.0,120.0
80,20,20,1280,640.5,120.0
80,20,40,960,471.0,120.0
80,20,50,800,401.0,120.0
80,20,75,400,230.0,120.0
80,20,80,320,200.0,120.0
80,20,85,240,170.0,120.0
80,20,90,160,140.0,120.0
80,20,95,80,101.0,120.0
80,20,99,16,60.0,120.0
80,25,0,2000,902.0,140.0
80,25,20,1600,801.0,150.0
80,25,40,1200,591.0,150.0
80,25,50,1000,491.0,150.0
80,25,75,500,280.5,150.0
80,25,80,400,240.0,140.0
80,25,85,300,190.0,150.0
80,25,90,200,150.0,150.0
80,25,95,100,111.0,145.5
80,25,99,20,70.0,140.0
80,40,0,3200,1312.0,220.0
80,40,20,2560,1131.0,220.0
80,40,40,1920,921.0,211.0
80,40,50,1600,791.0,211.0
80,40,75,800,410.0,220.0
80,40,80,640,340.0,220.0
80,40,85,480,270.0,220.0
80,40,90,320,200.0,220.0
80,40,95,160,130.0,220.0
80,40,99,32,80.0,220.0
80,50,0,4000,1573.0,270.0
80,50,20,3200,1362.0,270.5
80,50,40,2400,1081.0,270.0
80,50,50,2000,942.0,270.0
80,50,75,1000,491.0,270.0
80,50,80,800,410.0,270.0
80,50,85,600,321.0,270.0
80,50,90,400,230.5,271.0
80,50,95,200,150.0,270.0
80,50,99,40,80.0,270.0
80,80,0,6400,2314.0,421.0
80,80,20,5120,1953.0,421.0
80,80,40,3840,1562.0,421.0
80,80,50,3200,1342.0,421.0
80,80,75,1600,781.0,421.0
80,80,80,1280,640.5,420.5
80,80,85,960,481.0,421.0
80,80,90,640,340.0,421.0
80,80,95,320,201.0,421.0
80,80,99,64,90.0,421.0
80,100,0,8000,2934.0,521.0
80,100,20,6400,2393.0,521.0
80,100,40,4800,1873.0,521.0
80,100,50,4000,1613.0,521.0
80,100,75,2000,951.0,521.0
80,100,80,1600,791.0,520.5
80,100,85,1200,601.0,521.0
80,100,90,800,410.0,521.0
80,100,95,400,230.0,521.0
80,100,99,80,100.0,521.0
80,125,0,10000,3605.0,631.0
80,125,20,8000,2929.5,631.0
80,125,40,6000,2223.0,631.0
80,125,50,5000,1923.0,631.0
80,125,75,2500,1121.0,631.0
80,125,80,2000,951.0,631.0
80,125,85,1500,741.0,631.0
80,125,90,1000,501.0,631.0
80,125,95,500,280.0,631.0
80,125,99,100,140.0,631.0
80,200,0,16000,5348.0,1002.0
80,200,20,12800,4436.0,1002.0
80,200,40,9600,3445.0,1002.0
80,200,50,8000,2925.0,1002.0
80,200,75,4000,1612.0,1002.0
80,200,80,3200,1342.0,1002.0
80,200,85,2400,1081.5,1002.0
80,200,90,1600,781.0,1002.0
80,200,95,800,411.0,1002.0
80,200,99,160,140.0,1002.0
80,250,0,20000,6900.5,1322.0
80,250,20,16000,5428.0,1322.0
80,250,40,12000,4177.0,1322.0
80,250,50,10000,3585.0,1322.0
80,250,75,5000,1912.5,1322.0
80,250,80,4000,1623.0,1322.0
80,250,85,3000,1281.0,1322.0
80,250,90,2000,942.0,1322.0
80,250,95,1000,501.0,1322.0
80,250,99,200,150.0,1422.0
80,400,0,32000,10306.0,2083.0
80,400,20,25600,8653.0,2093.5
80,400,40,19200,6490.0,2093.0
80,400,50,16000,5458.0,2083.0
80,400,75,8000,2924.0,2093.0
80,400,80,6400,2383.0,2093.0
80,400,85,4800,1853.0,2093.0
80,400,90,3200,1352.0,2083.0
80,400,95,1600,791.0,2093.0
80,400,99,320,200.0,2084.0
100,1,0,100,200.0,30.0
100,1,20,80,190.0,30.0
100,1,40,60,160.0,30.0
100,1,50,50,140.0,30.0
100,1,75,25,100.0,30.0
100,1,80,20,90.0,30.0
100,1,85,15,81.0,30.0
100,1,90,10,80.0,30.0
100,1,95,5,70.0,30.5
100,1,99,1,60.0,30.0
100,2,0,200,200.0,40.0
100,2,20,160,200.0,30.0
100,2,40,120,180.0,30.0
100,2,50,100,170.0,30.0
100,2,75,50,130.0,35.0
100,2,80,40,130.0,30.0
100,2,85,30,110.0,30.0
100,2,90,20,100.5,40.0
100,2,95,10,90.0,30.0
100,2,99,2,90.0,30.0
100,4,0,400,231.0,50.0
100,4,20,320,230.0,50.0
100,4,40,240,211.0,50.0
100,4,50,200,210.0,50.0
100,4,75,100,170.5,50.0
100,4,80,80,160.0,50.0
100,4,85,60,160.0,50.0
100,4,90,40,140.0,50.0
100,4,95,20,130.0,50.0
100,4,99,4,110.0,50.0
100,5,0,500,280.0,50.0
100,5,20,400,241.0,60.0
100,5,40,300,220.0,60.0
100,5,50,250,221.0,60.0
100,5,75,125,181.0,80.0
100,5,80,100,180.0,60.0
100,5,85,75,160.0,50.0
100,5,90,50,150.0,50.0
100,5,95,25,140.0,60.0
100,5,99,5,110.0,50.0
100,8,0,800,481.0,80.0
100,8,20,640,341.0,70.5
100,8,40,480,270.0,80.0
100,8,50,400,240.0,71.0
100,8,75,200,201.0,80.0
100,8,80,160,190.5,80.0
100,8,85,120,180.0,80.0
100,8,90,80,160.0,80.0
100,8,95,40,140.0,70.0
100,8,99,8,120.0,80.0
100,10,0,1000,500.0,100.0
100,10,20,800,430.0,100.0
100,10,40,600,321.0,100.0
100,10,50,500,280.0,90.0
100,10,75,250,220.0,100.0
100,10,80,200,210.0,90.0
100,10,85,150,190.0,100.0
100,10,90,100,170.0,100.0
100,10,95,50,150.0,100.0
100,10,99,10,120.0,100.0
100,16,0,1600,781.0,140.0
100,16,20,1280,611.0,135.5
100,16,40,960,481.0,131.0
100,16,50,800,421.0,130.0
100,16,75,400,240.0,130.0
100,16,80,320,210.0,130.0
100,16,85,240,190.0,140.0
100,16,90,160,151.0,130.0
100,16,95,80,120.0,130.0
100,16,99,16,80.0,130.0
100,20,0,2000,971.0,151.0
100,20,20,1600,791.0,160.0
100,20,40,1200,581.0,160.0
100,20,50,1000,500.0,150.5
100,20,75,500,280.0,160.0
100,20,80,400,241.0,150.0
100,20,85,300,200.0,160.0
100,20,90,200,170.0,170.0
100,20,95,100,120.0,160.0
100,20,99,20,80.0,151.0
100,25,0,2500,1132.0,180.5
100,25,20,2000,986.5,180.0
100,25,40,1500,731.0,181.0
100,25,50,1250,611.0,180.0
100,25,75,625,341.0,181.0
100,25,80,500,280.5,190.0
100,25,85,375,230.0,180.0
100,25,90,250,180.0,180.0
100,25,95,125,130.0,180.0
100,25,99,25,80.0,181.0
100,40,0,4000,1607.5,290.0
100,40,20,3200,1402.0,290.0
100,40,40,2400,1142.0,290.0
100,40,50,2000,982.0,280.0
100,40,75,1000,511.0,281.0
100,40,80,800,411.0,280.5
100,40,85,600,331.0,280.0
100,40,90,400,240.5,290.0
100,40,95,200,170.0,290.0
100,40,99,40,90.0,281.0
100,50,0,5000,1973.0,341.0
100,50,20,4000,1682.0,341.0
100,50,40,3000,1357.0,341.0
100,50,50,2500,1182.0,350.0
100,50,75,1250,611.0,350.0
100,50,80,1000,501.0,341.0
100,50,85,750,391.0,371.0
100,50,90,500,280.0,340.0
100,50,95,250,180.0,340.0
100,50,99,50,100.0,350.0
100,80,0,8000,2824.0,561.0
100,80,20,6400,2433.5,521.0
100,80,40,4800,1933.0,531.0
100,80,50,4000,1683.0,531.0
100,80,75,2000,981.0,531.0
100,80,80,1600,791.0,541.0
100,80,85,1200,591.0,530.0
100,80,90,800,411.0,521.0
100,80,95,400,240.5,521.0
100,80,99,80,120.0,531.0
100,100,0,10000,3656.0,641.0
100,100,20,8000,2985.0,651.0
100,100,40,6000,2324.0,661.0
100,100,50,5000,2018.0,641.0
100,100,75,2500,1172.0,661.0
100,100,80,2000,981.0,641.0
100,100,85,1500,731.0,651.0
100,100,90,1000,500.0,661.0
100,100,95,500,281.0,661.0
100,100,99,100,120.0,681.0
100,125,0,12500,4497.0,791.0
100,125,20,10000,3666.0,782.0
100,125,40,7500,2774.0,791.0
100,125,50,6250,2403.0,791.0
100,125,75,3125,1392.0,791.0
100,125,80,2500,1182.0,801.0
100,125,85,1875,921.0,781.5
100,125,90,1250,611.0,791.0
100,125,95,625,341.0,801.0
100,125,99,125,175.5,792.0
100,200,0,20000,6800.0,1513.0
100,200,20,16000,5519.0,1502.5
100,200,40,12000,4286.0,1533.0
100,200,50,10000,3646.0,1533.0
100,200,75,5000,2024.0,1562.0
100,200,80,4000,1663.0,1502.0
100,200,85,3000,1362.0,1502.0
100,200,90,2000,981.0,1542.0
100,200,95,1000,501.0,1542.0
100,200,99,200,170.0,1522.0
100,250,0,25000,8303.0,1943.0
100,250,20,20000,6770.0,1903.0
100,250,40,15000,5218.0,1903.0
100,250,50,12500,4427.0,1923.0
100,250,75,6250,2404.0,1863.0
100,250,80,5000,2003.0,1887.5
100,250,85,3750,1582.0,1893.0
100,250,90,2500,1172.0,1883.0
100,250,95,1250,611.0,1873.0
100,250,99,250,180.0,1923.0
100,400,0,40000,13150.5,2964.5
100,400,20,32000,10731.5,2974.0
100,400,40,24000,8102.5,3004.0
100,400,50,20000,7051.0,3124.5
100,400,75,10000,3655.0,2944.5
100,400,80,8000,2974.0,2965.0
100,400,85,6000,2314.0,3075.0
100,400,90,4000,1673.0,3055.0
100,400,95,2000,972.0,2985.0
100,400,99,400,250.0,3085.0
125,1,0,125,170.0,30.0
125,1,20,100,170.0,30.0
125,1,40,75,141.0,20.5
125,1,50,62,130.0,35.5
125,1,75,31,101.0,30.0
125,1,80,25,95.5,20.0
125,1,85,18,90.0,30.0
125,1,90,12,90.0,40.0
125,1,95,6,80.0,21.0
125,1,99,1,70.0,30.0
125,2,0,250,250.0,40.0
125,2,20,200,241.0,30.0
125,2,40,150,220.5,31.0
125,2,50,125,211.0,40.0
125,2,75,62,160.0,50.0
125,2,80,50,150.0,40.0
125,2,85,37,140.0,40.0
125,2,90,25,130.0,40.0
125,2,95,12,111.0,40.0
125,2,99,2,100.0,30.0
125,4,0,500,281.0,60.0
125,4,20,400,251.0,80.0
125,4,40,300,240.0,70.0
125,4,50,250,240.0,60.0
125,4,75,125,190.0,80.0
125,4,80,100,160.0,80.0
125,4,85,75,150.0,65.5
125,4,90,50,130.0,80.0
125,4,95,25,100.0,60.0
125,4,99,5,80.0,70.0
125,5,0,625,320.0,90.0
125,5,20,500,280.5,70.0
125,5,40,375,240.0,80.0
125,5,50,312,221.0,100.0
125,5,75,156,190.0,80.0
125,5,80,125,180.0,80.0
125,5,85,93,170.0,80.0
125,5,90,62,140.0,70.0
125,5,95,31,110.0,80.0
125,5,99,6,80.0,90.5
125,8,0,1000,591.0,150.0
125,8,20,800,440.0,120.0
125,8,40,600,321.0,110.0
125,8,50,500,290.0,110.0
125,8,75,250,210.0,120.0
125,8,80,200,221.0,111.0
125,8,85,150,170.0,130.0
125,8,90,100,170.0,110.0
125,8,95,50,120.0,120.0
125,8,99,10,80.0,110.0
125,10,0,1250,601.0,131.0
125,10,20,1000,541.0,120.0
125,10,40,750,411.0,130.0
125,10,50,625,341.0,131.0
125,10,75,312,240.0,130.0
125,10,80,250,210.0,130.0
125,10,85,187,220.0,130.0
125,10,90,125,190.0,120.5
125,10,95,62,140.0,140.0
125,10,99,12,90.0,150.0
125,16,0,2000,962.0,190.0
125,16,20,1600,751.5,190.0
125,16,40,1200,611.0,181.0
125,16,50,1000,521.0,190.0
125,16,75,500,290.0,191.0
125,16,80,400,271.0,191.0
125,16,85,300,220.0,190.0
125,16,90,200,220.0,180.0
125,16,95,100,170.0,201.0
125,16,99,20,90.0,200.0
125,20,0,2500,1211.0,231.0
125,20,20,2000,981.5,240.0
125,20,40,1500,731.0,220.0
125,20,50,1250,631.0,230.0
125,20,75,625,350.0,240.0
125,20,80,500,300.0,220.0
125,20,85,375,260.0,230.0
125,20,90,250,220.0,230.0
125,20,95,125,170.0,230.0
125,20,99,25,100.0,251.0
125,25,0,3125,1432.0,260.0
125,25,20,2500,1232.0,261.0
125,25,40,1875,911.0,260.0
125,25,50,1562,761.0,291.0
125,25,75,781,421.0,250.0
125,25,80,625,341.0,241.0
125,25,85,468,285.5,250.0
125,25,90,312,240.0,240.0
125,25,95,156,200.0,250.0
125,25,99,31,110.0,250.0
125,40,0,5000,2013.0,440.0
125,40,20,4000,1742.0,420.0
125,40,40,3000,1452.0,451.0
125,40,50,2500,1222.0,420.0
125,40,75,1250,621.0,451.0
125,40,80,1000,520.0,460.0
125,40,85,750,401.0,441.0
125,40,90,500,300.0,440.0
125,40,95,250,220.0,441.0
125,40,99,50,120.0,421.0
125,50,0,6250,2444.0,521.0
125,50,20,5000,2093.0,521.0
125,50,40,3750,1672.0,531.0
125,50,50,3125,1473.0,521.0
125,50,75,1562,761.0,520.0
125,50,80,1250,621.0,521.0
125,50,85,937,490.0,541.0
125,50,90,625,350.0,521.0
125,50,95,312,221.0,521.0
125,50,99,62,140.5,501.0
125,80,0,10000,3535.0,821.0
125,80,20,8000,3034.0,831.0
125,80,40,6000,2414.0,801.0
125,80,50,5000,2083.0,771.0
125,80,75,2500,1222.0,782.0
125,80,80,2000,991.0,782.0
125,80,85,1500,731.0,821.0
125,80,90,1000,501.0,866.5
125,80,95,500,291.0,801.0
125,80,99,100,160.0,821.5
125,100,0,12500,4562.0,981.0
125,100,20,10000,3715.0,1011.0
125,100,40,7500,2909.5,1011.0
125,100,50,6250,2504.0,952.0
125,100,75,3125,1472.0,981.0
125,100,80,2500,1222.0,942.0
125,100,85,1875,911.0,952.0
125,100,90,1250,631.0,952.0
125,100,95,625,351.0,962.0
125,100,99,125,170.0,1002.0
125,125,0,15625,5609.0,1051.0
125,125,20,12500,4577.0,1042.0
125,125,40,9375,3465.0,1292.0
125,125,50,7812,3005.0,1051.0
125,125,75,3906,1733.0,1042.0
125,125,80,3125,1483.0,1042.0
125,125,85,2343,1142.0,1312.0
125,125,90,1562,761.0,1056.5
125,125,95,781,431.0,1051.0
125,125,99,156,210.0,1042.0
125,200,0,25000,8343.0,1853.0
125,200,20,20000,6921.0,1903.0
125,200,40,15000,5368.0,1993.0
125,200,50,12500,4557.0,1863.0
125,200,75,6250,2494.0,2013.0
125,200,80,5000,2083.5,1913.0
125,200,85,3750,1672.5,1903.0
125,200,90,2500,1212.0,1943.0
125,200,95,1250,621.0,1963.0
125,200,99,250,211.0,1853.0
125,250,0,31250,10376.0,2373.0
125,250,20,25000,8458.0,2383.0
125,250,40,18750,6540.0,2434.0
125,250,50,15625,5558.0,2303.0
125,250,75,7812,3014.5,2354.0
125,250,80,6250,2504.0,2358.5
125,250,85,4687,1978.5,2444.0
125,250,90,3125,1482.0,2364.0
125,250,95,1562,761.0,2353.5
125,250,99,312,240.0,2464.0
125,400,0,50000,16470.5,3725.0
125,400,20,40000,13310.0,3786.0
125,400,40,30000,10316.0,3856.0
125,400,50,25000,8523.0,3686.0
125,400,75,12500,4547.0,3816.0
125,400,80,10000,3725.0,3786.0
125,400,85,7500,2875.0,3971.0
125,400,90,5000,2073.5,3720.5
125,400,95,2500,1222.0,3776.0
125,400,99,500,300.0,3716.0
200,1,0,200,391.0,50.0
200,1,20,160,371.0,60.0
200,1,40,120,310.0,40.0
200,1,50,100,271.0,40.0
200,1,75,50,190.0,40.0
200,1,80,40,171.0,40.0
200,1,85,30,160.0,40.0
200,1,90,20,140.0,40.0
200,1,95,10,120.0,40.0
200,1,99,2,110.0,40.0
200,2,0,400,391.0,60.0
200,2,20,320,381.0,50.0
200,2,40,240,350.0,50.0
200,2,50,200,331.0,50.0
200,2,75,100,260.0,40.0
200,2,80,80,240.0,50.0
200,2,85,60,220.0,50.0
200,2,90,40,200.0,40.0
200,2,95,20,180.0,50.0
200,2,99,4,160.0,40.0
200,4,0,800,451.0,80.0
200,4,20,640,440.0,80.0
200,4,40,480,451.0,80.0
200,4,50,400,425.5,70.0
200,4,75,200,341.0,70.0
200,4,80,160,331.0,80.0
200,4,85,120,311.0,70.0
200,4,90,80,281.0,80.0
200,4,95,40,250.0,80.0
200,4,99,8,210.0,80.0
200,5,0,1000,531.0,100.0
200,5,20,800,461.0,80.0
200,5,40,600,461.0,100.0
200,5,50,500,441.0,100.0
200,5,75,250,381.0,100.0
200,5,80,200,355.5,101.0
200,5,85,150,330.0,100.0
200,5,90,100,300.0,80.0
200,5,95,50,260.0,80.0
200,5,99,10,210.0,80.0
200,8,0,1600,941.0,130.0
200,8,20,1280,691.0,120.0
200,8,40,960,511.0,130.0
200,8,50,800,461.0,130.0
200,8,75,400,411.0,130.0
200,8,80,320,381.0,120.0
200,8,85,240,361.0,120.0
200,8,90,160,331.0,130.0
200,8,95,80,290.0,130.0
200,8,99,16,220.0,130.0
200,10,0,2000,961.0,150.5
200,10,20,1600,831.0,160.0
200,10,40,1200,641.0,140.0
200,10,50,1000,531.0,151.0
200,10,75,500,441.0,160.0
200,10,80,400,411.0,151.0
200,10,85,300,391.0,151.0
200,10,90,200,340.0,151.0
200,10,95,100,300.0,150.5
200,10,99,20,230.0,160.0
200,16,0,3200,1562.0,230.0
200,16,20,2560,1212.0,230.0
200,16,40,1920,951.0,230.0
200,16,50,1600,821.0,230.0
200,16,75,800,471.0,220.0
200,16,80,640,400.0,230.0
200,16,85,480,350.0,230.0
200,16,90,320,300.0,230.0
200,16,95,160,271.0,220.0
200,16,99,32,145.5,221.0
200,20,0,4000,1923.0,280.0
200,20,20,3200,1572.0,280.0
200,20,40,2400,1142.0,280.0
200,20,50,2000,982.0,270.0
200,20,75,1000,541.0,280.0
200,20,80,800,460.0,280.0
200,20,85,600,380.0,270.0
200,20,90,400,311.0,261.0
200,20,95,200,220.0,261.0
200,20,99,40,140.5,280.0
200,25,0,5000,2244.0,331.0
200,25,20,4000,1953.0,360.0
200,25,40,3000,1462.0,340.0
200,25,50,2500,1202.0,330.0
200,25,75,1250,661.0,341.0
200,25,80,1000,541.0,341.0
200,25,85,750,441.0,340.0
200,25,90,500,351.0,350.0
200,25,95,250,261.0,321.0
200,25,99,50,160.0,340.0
200,40,0,8000,3205.0,510.0
200,40,20,6400,2764.0,511.0
200,40,40,4800,2273.0,501.0
200,40,50,4000,1943.0,520.0
200,40,75,2000,992.0,521.0
200,40,80,1600,811.0,520.5
200,40,85,1200,641.0,520.5
200,40,90,800,470.0,521.0
200,40,95,400,310.0,511.0
200,40,99,80,170.0,520.0
200,50,0,10000,3896.0,641.0
200,50,20,8000,3305.0,641.0
200,50,40,6000,2644.0,641.0
200,50,50,5000,2354.0,621.0
200,50,75,2500,1212.0,641.0
200,50,80,2000,982.0,631.0
200,50,85,1500,771.0,641.0
200,50,90,1000,541.0,641.0
200,50,95,500,341.0,641.0
200,50,99,100,180.0,641.0
200,80,0,16000,5749.0,1002.0
200,80,20,12800,4837.0,991.0
200,80,40,9600,3856.0,1002.0
200,80,50,8000,3325.0,992.0
200,80,75,4000,1943.0,992.0
200,80,80,3200,1563.0,1002.0
200,80,85,2400,1162.0,1002.0
200,80,90,1600,821.0,1002.0
200,80,95,800,460.0,1002.0
200,80,99,160,230.0,1011.0
200,100,0,20000,7291.0,1437.5
200,100,20,16000,5909.0,1442.0
200,100,40,12000,4637.0,1442.0
200,100,50,10000,4016.0,1432.0
200,100,75,5000,2343.0,1432.0
200,100,80,4000,1933.0,1452.0
200,100,85,3000,1472.0,1443.0
200,100,90,2000,982.0,1433.0
200,100,95,1000,551.0,1462.0
200,100,99,200,230.0,1472.0
200,125,0,25000,8963.0,1968.0
200,125,20,20000,7311.0,1973.0
200,125,40,15000,5518.0,1943.0
200,125,50,12500,4767.0,1963.0
200,125,75,6250,2754.0,1953.0
200,125,80,5000,2334.0,1953.0
200,125,85,3750,1833.0,2013.0
200,125,90,2500,1222.0,1993.0
200,125,95,1250,661.0,2003.0
200,125,99,250,330.0,1953.0
200,200,0,40000,13431.0,2904.0
200,200,20,32000,11267.0,2854.0
200,200,40,24000,8533.0,2825.0
200,200,50,20000,7271.0,2835.0
200,200,75,10000,4006.0,2924.5
200,200,80,8000,3305.0,2824.0
200,200,85,6000,2644.0,2855.0
200,200,90,4000,1943.0,2874.0
200,200,95,2000,982.0,2904.0
200,200,99,400,310.0,2854.5
200,250,0,50000,16655.0,3585.0
200,250,20,40000,13661.0,3676.0
200,250,40,30000,10526.0,3555.0
200,250,50,25000,9174.0,3570.5
200,250,75,12500,4757.0,3625.0
200,250,80,10000,3976.0,3615.0
200,250,85,7500,3145.0,3590.5
200,250,90,5000,2334.0,3540.5
200,250,95,2500,1222.0,3635.0
200,250,99,500,341.0,3525.0
200,400,0,80000,26550.5,5798.0
200,400,20,64000,21393.0,5749.0
200,400,40,48000,16485.0,5834.0
200,400,50,40000,13601.0,5748.5
200,400,75,20000,7261.0,5859.0
200,400,80,16000,5929.0,5889.0
200,400,85,12000,4637.0,6094.5
200,400,90,8000,3405.0,5944.5
200,400,95,4000,1933.0,5724.0
200,400,99,800,451.0,6140.0
250,1,0,250,490.5,60.0
250,1,20,200,461.0,50.0
250,1,40,150,381.0,40.0
250,1,50,125,341.0,50.0
250,1,75,62,231.0,40.0
250,1,80,50,211.0,50.0
250,1,85,37,191.0,60.0
250,1,90,25,170.0,40.0
250,1,95,12,150.0,60.0
250,1,99,2,140.0,50.0
250,2,0,500,491.0,70.0
250,2,20,400,480.0,80.0
250,2,40,300,441.0,70.0
250,2,50,250,420.0,70.0
250,2,75,125,320.0,60.0
250,2,80,100,300.0,60.0
250,2,85,75,270.0,70.0
250,2,90,50,250.0,80.0
250,2,95,25,220.0,60.0
250,2,99,5,200.0,80.0
250,4,0,1000,561.0,120.0
250,4,20,800,541.0,130.0
250,4,40,600,561.0,120.0
250,4,50,500,531.0,131.0
250,4,75,250,431.0,100.0
250,4,80,200,421.0,120.0
250,4,85,150,381.0,120.0
250,4,90,100,371.0,110.0
250,4,95,50,320.0,100.0
250,4,99,10,260.0,120.0
250,5,0,1250,661.0,141.0
250,5,20,1000,571.0,120.0
250,5,40,750,571.0,120.0
250,5,50,625,551.0,141.0
250,5,75,312,471.0,110.5
250,5,80,250,431.0,140.0
250,5,85,187,411.0,120.0
250,5,90,125,370.0,120.0
250,5,95,62,321.0,150.0
250,5,99,12,261.0,120.0
250,8,0,2000,1181.0,200.0
250,8,20,1600,832.0,200.0
250,8,40,1200,631.0,201.0
250,8,50,1000,611.0,180.0
250,8,75,500,531.0,200.0
250,8,80,400,511.0,200.0
250,8,85,300,471.0,180.0
250,8,90,200,420.0,200.0
250,8,95,100,351.0,201.0
250,8,99,20,270.0,200.0
250,10,0,2500,1202.0,211.0
250,10,20,2000,1031.0,215.5
250,10,40,1500,781.5,220.0
250,10,50,1250,671.0,230.0
250,10,75,625,561.0,231.0
250,10,80,500,541.0,200.0
250,10,85,375,481.0,230.0
250,10,90,250,441.0,211.0
250,10,95,125,370.0,211.0
250,10,99,25,280.0,231.0
250,16,0,4000,1942.5,370.5
250,16,20,3200,1502.0,341.0
250,16,40,2400,1182.0,320.0
250,16,50,2000,1001.0,311.0
250,16,75,1000,561.0,341.0
250,16,80,800,491.0,350.0
250,16,85,600,451.0,320.0
250,16,90,400,421.0,350.0
250,16,95,200,281.0,350.0
250,16,99,40,185.5,341.0
250,20,0,5000,2394.0,400.0
250,20,20,4000,1953.0,381.0
250,20,40,3000,1433.0,431.0
250,20,50,2500,1232.0,440.0
250,20,75,1250,671.0,430.0
250,20,80,1000,561.0,421.0
250,20,85,750,481.0,381.0
250,20,90,500,390.0,411.0
250,20,95,250,300.5,410.0
250,20,99,50,171.0,411.0
250,25,0,6250,2794.0,531.0
250,25,20,5000,2433.0,551.0
250,25,40,3750,1813.0,551.0
250,25,50,3125,1492.0,480.0
250,25,75,1562,821.0,481.0
250,25,80,1250,681.0,551.0
250,25,85,937,535.5,461.0
250,25,90,625,430.0,541.0
250,25,95,312,320.0,571.0
250,25,99,62,190.0,611.0
250,40,0,10000,4016.0,706.5
250,40,20,8000,3455.0,711.0
250,40,40,6000,2844.0,761.0
250,40,50,5000,2414.0,731.0
250,40,75,2500,1232.0,771.0
250,40,80,2000,1012.0,696.5
250,40,85,1500,791.0,701.0
250,40,90,1000,571.0,731.0
250,40,95,500,381.0,711.0
250,40,99,100,210.0,751.0
250,50,0,12500,4877.0,912.0
250,50,20,10000,4136.0,921.5
250,50,40,7500,3315.0,881.0
250,50,50,6250,2904.0,881.0
250,50,75,3125,1522.0,871.0
250,50,80,2500,1242.0,881.0
250,50,85,1875,961.0,881.0
250,50,90,1250,681.0,911.0
250,50,95,625,421.0,932.0
250,50,99,125,230.0,861.5
250,80,0,20000,7211.0,1342.0
250,80,20,16000,6040.0,1413.0
250,80,40,12000,4808.0,1332.0
250,80,50,10000,4126.0,1422.0
250,80,75,5000,2423.0,1412.0
250,80,80,4000,1943.0,1337.5
250,80,85,3000,1462.0,1342.0
250,80,90,2000,1011.0,1457.5
250,80,95,1000,571.0,1392.0
250,80,99,200,260.0,1332.0
250,100,0,25000,9114.0,1662.0
250,100,20,20000,7372.0,1752.5
250,100,40,15000,5809.0,1742.0
250,100,50,12500,4978.0,1692.0
250,100,75,6250,2905.0,1752.0
250,100,80,5000,2414.0,1672.5
250,100,85,3750,1823.0,1692.0
250,100,90,2500,1232.0,1743.0
250,100,95,1250,681.0,1737.5
250,100,99,250,280.0,1663.0
250,125,0,31250,11468.0,2484.0
250,125,20,25000,9104.0,2113.0
250,125,40,18750,6971.0,2494.0
250,125,50,15625,5949.0,2163.0
250,125,75,7812,3425.0,2134.0
250,125,80,6250,2904.0,2104.0
250,125,85,4687,2274.0,2488.5
250,125,90,3125,1523.0,2394.0
250,125,95,1562,821.0,2198.5
250,125,99,312,420.0,2183.0
250,200,0,50000,16765.5,3440.5
250,200,20,40000,13851.0,3535.0
250,200,40,30000,10656.0,3385.0
250,200,50,25000,9144.0,3556.0
250,200,75,12500,4977.5,3460.5
250,200,80,10000,4131.5,3385.0
250,200,85,7500,3315.0,3395.0
250,200,90,5000,2394.0,3425.0
250,200,95,2500,1236.5,3465.0
250,200,99,500,381.0,3335.0
250,250,0,62500,20842.0,4451.5
250,250,20,50000,16986.0,4286.5
250,250,40,37500,13024.5,4667.0
250,250,50,31250,11017.0,4176.0
250,250,75,15625,5939.0,4277.0
250,250,80,12500,4967.0,4246.0
250,250,85,9375,3916.0,4186.0
250,250,90,6250,2875.0,4251.5
250,250,95,3125,1522.0,4296.5
250,250,99,625,421.0,4467.0
250,400,0,100000,33271.0,7041.0
250,400,20,80000,26610.0,7411.0
250,400,40,60000,20246.0,7291.0
250,400,50,50000,17026.0,7281.0
250,400,75,25000,9114.0,7095.5
250,400,80,20000,7632.0,7070.5
250,400,85,15000,5789.0,7256.5
250,400,90,10000,4127.0,7201.0
250,400,95,5000,2404.0,7206.0
250,400,99,1000,561.0,7361.0
400,1,0,400,771.0,50.0
400,1,20,320,736.5,70.0
400,1,40,240,601.0,50.0
400,1,50,200,531.0,70.0
400,1,75,100,370.0,75.5
400,1,80,80,335.5,70.0
400,1,85,60,301.0,50.0
400,1,90,40,270.0,60.0
400,1,95,20,231.0,50.0
400,1,99,4,210.0,70.0
400,2,0,800,772.0,90.0
400,2,20,640,761.0,90.0
400,2,40,480,701.0,70.0
400,2,50,400,671.0,90.0
400,2,75,200,501.0,90.0
400,2,80,160,471.0,90.0
400,2,85,120,431.0,90.0
400,2,90,80,390.0,90.0
400,2,95,40,341.0,70.0
400,2,99,8,310.0,90.0
400,4,0,1600,882.0,120.0
400,4,20,1280,922.0,120.0
400,4,40,960,921.0,120.0
400,4,50,800,871.0,120.0
400,4,75,400,761.0,141.0
400,4,80,320,681.0,120.0
400,4,85,240,656.0,140.0
400,4,90,160,581.0,140.0
400,4,95,80,501.0,120.0
400,4,99,16,410.0,130.0
400,5,0,2000,1042.0,150.0
400,5,20,1600,911.0,180.0
400,5,40,1200,922.0,150.0
400,5,50,1000,901.0,150.0
400,5,75,500,771.0,180.0
400,5,80,400,731.0,150.0
400,5,85,300,681.0,180.0
400,5,90,200,621.0,150.0
400,5,95,100,511.0,150.0
400,5,99,20,411.0,171.0
400,8,0,3200,1852.0,220.0
400,8,20,2560,1347.0,240.0
400,8,40,1920,1051.0,240.0
400,8,50,1600,1011.0,240.0
400,8,75,800,871.0,230.0
400,8,80,640,831.0,225.5
400,8,85,480,771.0,240.0
400,8,90,320,691.0,240.0
400,8,95,160,571.0,240.0
400,8,99,32,431.0,240.0
400,10,0,4000,1903.0,290.0
400,10,20,3200,1653.0,270.0
400,10,40,2400,1282.0,291.0
400,10,50,2000,1062.0,270.0
400,10,75,1000,931.0,270.0
400,10,80,800,871.0,290.0
400,10,85,600,812.0,291.0
400,10,90,400,731.0,291.0
400,10,95,200,611.0,290.0
400,10,99,40,441.0,290.0
400,16,0,6400,3074.5,431.0
400,16,20,5120,2374.0,440.0
400,16,40,3840,1893.0,431.0
400,16,50,3200,1622.0,431.0
400,16,75,1600,892.0,431.0
400,16,80,1280,822.0,431.0
400,16,85,960,741.0,421.0
400,16,90,640,621.0,431.0
400,16,95,320,521.0,431.0
400,16,99,64,280.0,411.0
400,20,0,8000,3806.0,501.0
400,20,20,6400,3095.0,531.0
400,20,40,4800,2254.0,510.0
400,20,50,4000,1952.5,531.0
400,20,75,2000,1072.0,531.0
400,20,80,1600,891.0,531.0
400,20,85,1200,741.0,510.5
400,20,90,800,601.0,531.0
400,20,95,400,450.0,531.0
400,20,99,80,271.0,531.0
400,25,0,10000,4467.0,651.0
400,25,20,8000,3876.0,691.0
400,25,40,6000,2874.0,631.0
400,25,50,5000,2384.0,631.0
400,25,75,2500,1312.0,641.0
400,25,80,2000,1062.0,641.0
400,25,85,1500,852.0,651.0
400,25,90,1000,681.0,651.0
400,25,95,500,521.0,651.0
400,25,99,100,290.0,671.0
400,40,0,16000,6389.5,1021.0
400,40,20,12800,5488.0,992.0
400,40,40,9600,4507.0,1021.0
400,40,50,8000,3856.0,1001.0
400,40,75,4000,1953.0,1021.0
400,40,80,3200,1612.0,1031.0
400,40,85,2400,1282.0,1012.0
400,40,90,1600,912.0,992.0
400,40,95,800,611.0,1012.0
400,40,99,160,340.0,1001.5
400,50,0,20000,7772.0,1422.0
400,50,20,16000,6610.0,1492.0
400,50,40,12000,5248.0,1422.0
400,50,50,10000,4627.0,1412.5
400,50,75,5000,2384.0,1422.0
400,50,80,4000,1943.0,1432.0
400,50,85,3000,1542.0,1422.5
400,50,90,2000,1082.0,1433.0
400,50,95,1000,671.0,1442.0
400,50,99,200,360.0,1427.5
400,80,0,32000,11217.0,2314.0
400,80,20,25600,9625.0,2224.0
400,80,40,19200,7682.0,2418.5
400,80,50,16000,6600.0,2234.0
400,80,75,8000,3846.0,2303.0
400,80,80,6400,3084.0,2293.0
400,80,85,4800,2294.0,2253.0
400,80,90,3200,1613.0,2274.0
400,80,95,1600,901.0,2224.0
400,80,99,320,421.0,2303.0
400,100,0,40000,14577.5,2814.0
400,100,20,32000,11828.0,2754.0
400,100,40,24000,9224.0,2844.0
400,100,50,20000,8072.0,2764.0
400,100,75,10000,4617.0,2825.0
400,100,80,8000,3826.0,2864.5
400,100,85,6000,2895.0,2914.0
400,100,90,4000,1953.0,2855.0
400,100,95,2000,1081.0,2865.0
400,100,99,400,461.0,2765.0
400,125,0,50000,18157.5,3916.0
400,125,20,40000,14542.5,4031.5
400,125,40,30000,11457.5,3855.5
400,125,50,25000,9475.0,3941.5
400,125,75,12500,5459.0,3826.0
400,125,80,10000,4637.0,4016.0
400,125,85,7500,3615.0,3956.0
400,125,90,5000,2404.0,3966.0
400,125,95,2500,1322.0,3906.0
400,125,99,500,651.0,3890.5
400,200,0,80000,26710.5,5769.0
400,200,20,64000,22114.0,5919.0
400,200,40,48000,17096.5,5588.5
400,200,50,40000,14702.5,5528.5
400,200,75,20000,7922.0,5569.0
400,200,80,16000,6600.0,5633.5
400,200,85,12000,5268.0,5469.0
400,200,90,8000,3836.0,5469.0
400,200,95,4000,1943.0,5609.0
400,200,99,800,601.0,5598.5
400,250,0,100000,33701.5,7231.0
400,250,20,80000,27482.0,7171.0
400,250,40,60000,20832.0,7256.0
400,250,50,50000,17647.0,7371.0
400,250,75,25000,9514.5,7471.0
400,250,80,20000,7973.0,7216.0
400,250,85,15000,6240.0,7501.0
400,250,90,10000,4607.0,7161.0
400,250,95,5000,2403.0,7071.0
400,250,99,1000,681.0,7171.0
400,400,0,160000,53502.0,12439.0
400,400,20,128000,43046.0,12594.5
400,400,40,96000,32941.0,12248.0
400,400,50,80000,27261.5,12675.0
400,400,75,40000,14483.0,12619.0
400,400,80,32000,11788.0,12610.0
400,400,85,24000,9224.0,12374.0
400,400,90,16000,6590.0,12268.5
400,400,95,8000,3826.0,12764.0
400,400,99,1600,901.0,12399.0
